ticket_id,timestamp,canal,categoria_cliente,intencao,tamanho_msg,tempo_resposta_seg,satisfacao
1000,2024-01-11 23:15:00,WhatsApp,Standard,Financeiro,21,39.92852615310325,5.0
1001,2024-01-01 14:20:00,WhatsApp,Free,Reclamação,70,79.43989006250624,4.0
1002,2024-01-27 11:58:00,App iOS,Free,Reclamação,37,120.0128821728951,4.0
1003,2024-01-08 20:04:00,App iOS,Free,Financeiro,15,82.5935188655167,
1004,2024-01-05 08:25:00,Web,Standard,Financeiro,189,34.03018910292756,4.0
1005,2024-01-12 16:50:00,App Android,Premium,Suporte Técnico,145,33.20488769880526,5.0
1006,2024-01-26 19:54:00,App iOS,Free,Suporte Técnico,199,163.97835996848696,3.0
1007,2024-01-16 06:02:00,WhatsApp,Standard,Financeiro,102,32.487566103243694,4.0
1008,2024-01-12 03:03:00,WhatsApp,Free,Suporte Técnico,37,253.79565304425898,3.0
1009,2024-01-29 12:50:00,WhatsApp,Premium,Elogio,65,11.052342773021284,5.0
1010,2024-01-02 04:05:00,App iOS,Standard,Reclamação,29,28.15765008654773,5.0
1011,2024-01-01 12:49:00,WhatsApp,Premium,Reclamação,76,18.60227688461072,5.0
1012,2024-01-02 16:33:00,Web,Standard,Financeiro,181,33.600713704779665,5.0
1013,2024-01-04 16:31:00,App iOS,Free,Dúvida Produto,65,82.88612996788709,4.0
1014,2024-01-27 06:19:00,App Android,Standard,Financeiro,117,26.414845790193265,5.0
1015,2024-01-28 05:08:00,WhatsApp,Standard,Suporte Técnico,111,104.22366487702165,5.0
1016,2024-01-13 04:48:00,App Android,Standard,Dúvida Produto,35,21.318407581182854,5.0
1017,2024-01-14 17:29:00,WhatsApp,Standard,Suporte Técnico,36,74.11202138387097,5.0
1018,2024-01-20 22:13:00,App Android,Free,Elogio,143,63.63545627350901,5.0
1019,2024-01-05 10:36:00,WhatsApp,Free,Suporte Técnico,47,284.16665901799263,3.0
1020,2024-01-20 02:00:00,WhatsApp,Free,Elogio,122,89.87177498024994,5.0
1021,2024-01-29 18:34:00,App iOS,Free,Elogio,47,93.20713352584983,4.0
1022,2024-01-18 19:38:00,WhatsApp,Standard,Suporte Técnico,55,116.53338464441413,5.0
1023,2024-01-14 03:42:00,WhatsApp,Free,Suporte Técnico,120,198.2937295918623,4.0
1024,2024-01-13 19:11:00,App iOS,Standard,Elogio,81,40.49145548435121,5.0
1025,2024-01-02 21:47:00,App iOS,Standard,Dúvida Produto,72,27.65560851355087,4.0
1026,2024-01-01 03:09:00,App iOS,Free,Elogio,44,85.79677576347183,5.0
1027,2024-01-14 06:38:00,App iOS,Premium,Reclamação,101,22.914525769861797,5.0
1028,2024-01-25 20:13:00,Web,Free,Elogio,49,87.10037320928988,4.0
1029,2024-01-02 07:39:00,WhatsApp,Standard,Dúvida Produto,131,21.753771574228512,5.0
1030,2024-01-01 21:07:00,WhatsApp,Free,Reclamação,44,95.07453818627361,4.0
1031,2024-01-22 21:51:00,WhatsApp,Free,Financeiro,72,86.89073714699393,5.0
1032,2024-01-08 21:54:00,App Android,Free,Financeiro,133,96.60772515120948,3.0
1033,2024-01-03 11:16:00,Web,Free,Dúvida Produto,113,87.59523972010015,4.0
1034,2024-01-03 16:50:00,Web,Free,Elogio,119,129.87980309168574,5.0
1035,2024-01-29 21:26:00,Web,Premium,Suporte Técnico,84,41.67551879126952,
1036,2024-01-22 08:20:00,App Android,Free,Dúvida Produto,37,70.65063670093528,5.0
1037,2024-01-11 01:42:00,WhatsApp,Premium,Reclamação,159,15.373640406071564,4.0
1038,2024-01-16 02:57:00,Web,Free,Reclamação,91,75.60666316499331,5.0
1039,2024-01-08 09:07:00,Web,Free,Financeiro,57,85.54115083494683,5.0
1040,2024-01-07 02:32:00,App iOS,Free,Reclamação,54,73.61206720979719,4.0
1041,2024-01-30 21:01:00,WhatsApp,Premium,Dúvida Produto,243,21.32135556961807,5.0
1042,2024-01-06 20:33:00,App Android,Premium,Reclamação,80,12.925846154465335,5.0
1043,2024-01-30 20:41:00,App Android,Free,Dúvida Produto,31,102.37615833589446,4.0
1044,2024-01-08 15:36:00,Web,Premium,Suporte Técnico,194,35.0739043359253,5.0
1045,2024-01-17 14:17:00,App iOS,Premium,Financeiro,71,11.524760482281629,5.0
1046,2024-01-02 19:32:00,App Android,Premium,Reclamação,60,15.59294790869852,5.0
1047,2024-01-17 07:23:00,App iOS,Free,Dúvida Produto,40,97.21245306754273,4.0
1048,2024-01-12 21:59:00,WhatsApp,Free,Elogio,94,100.05527758958125,
1049,2024-01-29 11:14:00,Web,Standard,Financeiro,164,14.266685072754345,5.0
1050,2024-01-11 02:21:00,App iOS,Standard,Suporte Técnico,97,56.477314294963634,4.0
1051,2024-01-25 22:40:00,Web,Standard,Dúvida Produto,64,35.74532831413131,5.0
1052,2024-01-19 10:11:00,App iOS,Free,Suporte Técnico,27,183.43768668260435,3.0
1053,2024-01-02 02:25:00,App Android,Free,Suporte Técnico,75,234.132482263955,3.0
1054,2024-01-03 17:43:00,App Android,Premium,Reclamação,110,11.225925914313644,5.0
1055,2024-01-17 14:59:00,Web,Premium,Reclamação,705,17.194803306475322,5.0
1056,2024-01-14 12:17:00,WhatsApp,Premium,Dúvida Produto,199,17.793808787986723,5.0
1057,2024-01-01 17:01:00,App Android,Free,Elogio,65,103.1743783111026,5.0
1058,2024-01-09 02:13:00,App Android,Free,Dúvida Produto,116,108.58602262236475,4.0
1059,2024-01-10 07:37:00,WhatsApp,Standard,Elogio,67,39.38340086939719,5.0
1060,2024-01-29 07:17:00,App Android,Premium,Suporte Técnico,151,28.694444012932692,5.0
1061,2024-01-07 17:32:00,App Android,Premium,Financeiro,100,12.633984206545913,4.0
1062,2024-01-05 18:33:00,Web,Free,Dúvida Produto,236,106.1557842654683,5.0
1063,2024-01-04 22:35:00,Web,Standard,Dúvida Produto,102,36.78131863102489,5.0
1064,2024-01-01 02:41:00,WhatsApp,Free,Elogio,130,77.86182683570534,5.0
1065,2024-01-26 17:45:00,WhatsApp,Free,Suporte Técnico,106,191.52512706034872,2.0
1066,2024-01-19 10:37:00,WhatsApp,Standard,Suporte Técnico,38,65.21679765104241,5.0
1067,2024-01-24 10:43:00,App Android,Standard,Elogio,191,20.369430215736323,5.0
1068,2024-01-23 15:26:00,WhatsApp,Premium,Suporte Técnico,116,27.964416133694435,4.0
1069,2024-01-09 00:14:00,WhatsApp,Free,Reclamação,132,67.54873238945724,5.0
1070,2024-01-21 05:27:00,WhatsApp,Free,Financeiro,175,84.7062274714986,4.0
1071,2024-01-29 01:17:00,Web,Free,Dúvida Produto,179,94.87505728501118,
1072,2024-01-18 22:51:00,App Android,Free,Financeiro,40,97.8025109695627,4.0
1073,2024-01-01 16:56:00,WhatsApp,Premium,Dúvida Produto,35,13.474313240172958,4.0
1074,2024-01-17 20:13:00,WhatsApp,Free,Reclamação,50,81.28823190694418,
1075,2024-01-17 20:36:00,App iOS,Free,Suporte Técnico,35,230.56476728180675,3.0
1076,2024-01-17 03:27:00,Web,Standard,Elogio,66,21.023912657103438,4.0
1077,2024-01-17 21:00:00,WhatsApp,Free,Reclamação,38,107.2699295774956,4.0
1078,2024-01-06 22:09:00,Web,Free,Financeiro,40,113.13693502225688,4.0
1079,2024-01-12 23:42:00,WhatsApp,Free,Elogio,114,78.73954852161529,5.0
1080,2024-01-07 10:28:00,WhatsApp,Free,Suporte Técnico,25,207.07037282930494,3.0
1081,2024-01-15 18:31:00,Web,Free,Reclamação,93,112.37962004721305,4.0
1082,2024-01-09 11:05:00,Web,Free,Elogio,158,87.78507136218181,4.0
1083,2024-01-15 18:03:00,App Android,Premium,Reclamação,157,16.764736337854888,5.0
1084,2024-01-28 03:39:00,WhatsApp,Standard,Reclamação,135,29.446167637195355,5.0
1085,2024-01-06 22:51:00,Web,Free,Suporte Técnico,147,295.0338324816123,4.0
1086,2024-01-28 18:16:00,App iOS,Standard,Dúvida Produto,141,32.94047776950897,5.0
1087,2024-01-27 10:04:00,WhatsApp,Standard,Elogio,40,33.285934631515154,5.0
1088,2024-01-29 07:34:00,App iOS,Standard,Suporte Técnico,77,83.4945980810038,4.0
1089,2024-01-02 18:48:00,WhatsApp,Standard,Reclamação,137,26.669317582033727,5.0
1090,2024-01-02 09:47:00,App Android,Free,Suporte Técnico,64,204.15423883848592,
1091,2024-01-02 20:55:00,WhatsApp,Free,Dúvida Produto,65,103.84642151207954,4.0
1092,2024-01-04 15:38:00,Web,Standard,Elogio,109,30.758476976601706,5.0
1093,2024-01-16 06:42:00,WhatsApp,Premium,Dúvida Produto,259,11.46716697656468,5.0
1094,2024-01-28 10:24:00,App Android,Premium,Financeiro,154,20.61931327387434,5.0
1095,2024-01-24 00:39:00,Web,Free,Elogio,26,107.6052936113478,4.0
1096,2024-01-10 17:06:00,Web,Free,Dúvida Produto,101,90.67727382921034,3.0
1097,2024-01-09 19:06:00,WhatsApp,Standard,Reclamação,43,28.35899410920021,5.0
1098,2024-01-27 20:20:00,App iOS,Free,Elogio,161,93.57616543554148,5.0
1099,2024-01-03 11:21:00,WhatsApp,Free,Elogio,203,99.3153617848337,4.0
1100,2024-01-19 15:34:00,App Android,Free,Suporte Técnico,287,133.51496689484787,4.0
1101,2024-01-28 01:12:00,WhatsApp,Free,Reclamação,157,128.02229477074357,5.0
1102,2024-01-16 17:42:00,WhatsApp,Standard,Financeiro,127,25.26069414499848,5.0
1103,2024-01-06 19:52:00,WhatsApp,Free,Dúvida Produto,130,89.96569860620237,4.0
1104,2024-01-22 04:55:00,Web,Standard,Suporte Técnico,43,75.52300324168719,4.0
1105,2024-01-10 01:47:00,Web,Free,Dúvida Produto,87,125.94330393639933,4.0
1106,2024-01-17 09:19:00,WhatsApp,Free,Financeiro,103,88.4137708618795,4.0
1107,2024-01-25 11:02:00,App iOS,Free,Financeiro,56,118.59313129836532,4.0
1108,2024-01-09 05:17:00,Web,Free,Elogio,123,97.32109445030005,4.0
1109,2024-01-10 17:59:00,Web,Premium,Financeiro,312,12.114345413382152,5.0
1110,2024-01-22 09:38:00,Web,Free,Dúvida Produto,136,92.42473442585047,5.0
1111,2024-01-14 06:35:00,Web,Free,Reclamação,89,87.86684300913157,5.0
1112,2024-01-08 14:45:00,Web,Free,Reclamação,125,70.48673127172387,4.0
1113,2024-01-18 00:58:00,WhatsApp,Premium,Elogio,101,16.073168308416726,5.0
1114,2024-01-30 12:50:00,WhatsApp,Premium,Dúvida Produto,75,15.066308249549568,5.0
1115,2024-01-04 12:16:00,App Android,Premium,Dúvida Produto,31,16.66926511637562,5.0
1116,2024-01-23 13:22:00,App Android,Free,Financeiro,143,93.48035003276966,4.0
1117,2024-01-06 15:10:00,WhatsApp,Free,Dúvida Produto,124,78.28014785374674,5.0
1118,2024-01-10 13:33:00,WhatsApp,Standard,Suporte Técnico,124,86.52500988435472,4.0
1119,2024-01-19 22:26:00,App iOS,Free,Financeiro,192,78.76083095543558,4.0
1120,2024-01-13 02:12:00,Web,Free,Suporte Técnico,64,85.5148264747528,5.0
1121,2024-01-24 02:30:00,WhatsApp,Free,Elogio,89,92.3157530631759,4.0
1122,2024-01-05 19:10:00,WhatsApp,Free,Reclamação,49,80.02667290978819,4.0
1123,2024-01-18 16:06:00,App iOS,Free,Elogio,62,96.87834907913943,3.0
1124,2024-01-01 03:26:00,App iOS,Free,Reclamação,34,125.97969124691485,3.0
1125,2024-01-15 22:38:00,WhatsApp,Standard,Elogio,51,42.16643815888835,4.0
1126,2024-01-16 12:41:00,WhatsApp,Free,Dúvida Produto,116,87.02778740000689,
1127,2024-01-17 06:19:00,WhatsApp,Free,Suporte Técnico,294,187.8068172939275,4.0
1128,2024-01-29 20:03:00,App iOS,Free,Reclamação,39,100.52429907452259,4.0
1129,2024-01-16 13:23:00,WhatsApp,Free,Financeiro,74,83.33593934640562,4.0
1130,2024-01-13 14:21:00,WhatsApp,Free,Suporte Técnico,261,242.6299435056124,3.0
1131,2024-01-11 07:00:00,App iOS,Premium,Financeiro,129,13.017417713319437,5.0
1132,2024-01-29 00:22:00,WhatsApp,Standard,Suporte Técnico,111,78.76038624034129,5.0
1133,2024-01-05 10:14:00,App iOS,Premium,Suporte Técnico,47,31.41019385779893,5.0
1134,2024-01-02 03:58:00,WhatsApp,Standard,Elogio,80,37.1055204961888,5.0
1135,2024-01-24 11:47:00,WhatsApp,Free,Reclamação,58,79.38040156645297,5.0
1136,2024-01-12 05:58:00,WhatsApp,Free,Reclamação,122,101.89984564322944,4.0
1137,2024-01-07 21:14:00,App iOS,Premium,Suporte Técnico,124,28.014245376108608,
1138,2024-01-20 08:50:00,App Android,Standard,Dúvida Produto,66,34.68704313966415,
1139,2024-01-16 11:39:00,App Android,Free,Dúvida Produto,76,72.6050867531724,5.0
1140,2024-01-30 13:17:00,WhatsApp,Standard,Financeiro,192,31.567060841847056,5.0
1141,2024-01-02 20:53:00,App iOS,Free,Financeiro,207,108.41761752026376,4.0
1142,2024-01-21 11:07:00,WhatsApp,Free,Elogio,71,86.40030782597798,5.0
1143,2024-01-21 15:23:00,WhatsApp,Free,Suporte Técnico,72,178.687489016433,4.0
1144,2024-01-03 12:27:00,App Android,Premium,Financeiro,555,16.490437521407763,4.0
1145,2024-01-19 00:19:00,WhatsApp,Standard,Financeiro,75,24.954111606080712,5.0
1146,2024-01-30 19:41:00,WhatsApp,Free,Suporte Técnico,94,206.80894803612472,2.0
1147,2024-01-16 03:54:00,WhatsApp,Free,Elogio,118,94.77832787092309,
1148,2024-01-13 12:47:00,WhatsApp,Premium,Financeiro,77,19.082028108323115,4.0
1149,2024-01-19 03:05:00,WhatsApp,Free,Elogio,216,90.47796036839044,5.0
1150,2024-01-08 02:30:00,Web,Premium,Reclamação,223,15.06857252953537,
1151,2024-01-11 21:47:00,Web,Free,Elogio,299,103.27523208521133,4.0
1152,2024-01-16 06:16:00,App Android,Standard,Dúvida Produto,1770,30.30223138003798,5.0
1153,2024-01-17 12:16:00,App Android,Free,Dúvida Produto,75,101.43954359699217,4.0
1154,2024-01-21 21:20:00,WhatsApp,Standard,Elogio,112,36.471201276377684,4.0
1155,2024-01-01 21:46:00,WhatsApp,Standard,Dúvida Produto,79,28.033577098392005,5.0
1156,2024-01-05 16:56:00,WhatsApp,Premium,Reclamação,193,5.174968098259633,5.0
1157,2024-01-19 22:11:00,Web,Standard,Suporte Técnico,143,62.731093596218,4.0
1158,2024-01-07 13:54:00,WhatsApp,Free,Dúvida Produto,66,111.75627619503545,4.0
1159,2024-01-28 23:34:00,App iOS,Free,Dúvida Produto,144,89.39223393484222,5.0
1160,2024-01-16 05:59:00,Web,Standard,Elogio,23,27.965218374432606,4.0
1161,2024-01-04 20:10:00,Web,Standard,Reclamação,233,37.00070995921925,5.0
1162,2024-01-21 08:40:00,Web,Free,Suporte Técnico,56,220.4403787696547,3.0
1163,2024-01-03 14:28:00,WhatsApp,Free,Elogio,213,52.334402296515194,5.0
1164,2024-01-23 04:48:00,App Android,Free,Elogio,66,62.904562901849815,4.0
1165,2024-01-23 14:42:00,App iOS,Standard,Reclamação,98,32.51188812490143,4.0
1166,2024-01-10 09:45:00,WhatsApp,Standard,Suporte Técnico,73,73.9966358760791,4.0
1167,2024-01-01 11:03:00,App Android,Free,Reclamação,125,116.18381661892599,
1168,2024-01-25 03:26:00,Web,Premium,Suporte Técnico,38,32.00048487146867,4.0
1169,2024-01-06 13:14:00,App Android,Free,Reclamação,16,84.42898628393169,5.0
1170,2024-01-20 11:01:00,App iOS,Standard,Elogio,204,24.692981561639883,4.0
1171,2024-01-22 01:03:00,Web,Free,Elogio,232,80.62930480175186,5.0
1172,2024-01-03 07:04:00,WhatsApp,Premium,Financeiro,66,9.324288296239128,5.0
1173,2024-01-28 07:53:00,WhatsApp,Free,Dúvida Produto,50,83.05767604709042,4.0
1174,2024-01-13 06:35:00,Web,Standard,Reclamação,79,29.68878681738059,5.0
1175,2024-01-17 14:58:00,App iOS,Free,Financeiro,39,87.54604483561769,4.0
1176,2024-01-17 10:24:00,WhatsApp,Premium,Dúvida Produto,117,21.44865979119843,5.0
1177,2024-01-02 03:16:00,WhatsApp,Free,Reclamação,71,123.00272238918566,4.0
1178,2024-01-14 22:40:00,App Android,Free,Suporte Técnico,64,191.20952380675115,5.0
1179,2024-01-20 06:08:00,App Android,Free,Dúvida Produto,60,53.20913949625327,3.0
1180,2024-01-19 13:36:00,Web,Free,Elogio,86,88.21439364723199,4.0
1181,2024-01-20 21:53:00,WhatsApp,Free,Financeiro,72,96.77718248707117,4.0
1182,2024-01-27 01:05:00,WhatsApp,Free,Dúvida Produto,88,74.51128667910896,5.0
1183,2024-01-01 14:14:00,WhatsApp,Standard,Dúvida Produto,56,25.134146196445663,5.0
1184,2024-01-18 01:08:00,App Android,Free,Elogio,176,118.48598944762558,4.0
1185,2024-01-27 19:43:00,WhatsApp,Standard,Reclamação,117,28.454690573128175,5.0
1186,2024-01-06 03:12:00,Web,Premium,Suporte Técnico,88,42.46687639271804,5.0
1187,2024-01-15 23:16:00,WhatsApp,Premium,Elogio,43,12.209082906436665,5.0
1188,2024-01-27 18:39:00,Web,Standard,Suporte Técnico,169,74.1458931191281,4.0
1189,2024-01-19 06:29:00,App iOS,Free,Reclamação,58,83.94590963457877,5.0
1190,2024-01-16 05:19:00,App Android,Free,Dúvida Produto,97,77.84328170154082,5.0
1191,2024-01-04 10:11:00,WhatsApp,Free,Suporte Técnico,60,276.98851851847616,4.0
1192,2024-01-23 21:30:00,WhatsApp,Free,Financeiro,143,65.00021382660574,5.0
1193,2024-01-09 19:28:00,WhatsApp,Standard,Financeiro,59,31.80034095306774,4.0
1194,2024-01-18 14:22:00,App Android,Premium,Elogio,145,13.934635033528505,5.0
1195,2024-01-26 19:17:00,App Android,Standard,Reclamação,52,32.488946892215246,5.0
1196,2024-01-02 14:47:00,Web,Standard,Elogio,20,27.950540206689855,5.0
1197,2024-01-29 07:32:00,App iOS,Premium,Elogio,56,17.60157918575682,4.0
1198,2024-01-29 03:45:00,App iOS,Standard,Elogio,110,24.36178441048709,4.0
1199,2024-01-01 03:17:00,WhatsApp,Free,Financeiro,37,110.83595745015562,4.0
1200,2024-01-17 07:49:00,App Android,Free,Financeiro,82,89.48155149586042,5.0
1201,2024-01-25 02:18:00,Web,Free,Elogio,82,66.08695447772777,5.0
1202,2024-01-11 11:27:00,WhatsApp,Free,Financeiro,258,102.24387820625083,4.0
1203,2024-01-16 17:51:00,Web,Free,Reclamação,49,86.42070461668229,5.0
1204,2024-01-18 11:44:00,WhatsApp,Standard,Elogio,241,19.752972443162733,4.0
1205,2024-01-20 08:08:00,WhatsApp,Free,Financeiro,49,95.98442550765967,4.0
1206,2024-01-30 05:47:00,App iOS,Free,Suporte Técnico,131,270.2968071874965,3.0
1207,2024-01-15 08:26:00,WhatsApp,Premium,Elogio,74,18.846407221080394,4.0
1208,2024-01-11 21:48:00,App iOS,Standard,Elogio,66,27.729888704401404,5.0
1209,2024-01-19 07:30:00,WhatsApp,Free,Reclamação,30,92.61572499586327,4.0
1210,2024-01-02 22:51:00,WhatsApp,Standard,Dúvida Produto,131,30.30321805675747,5.0
1211,2024-01-05 13:06:00,WhatsApp,Free,Dúvida Produto,173,116.81644736828436,4.0
1212,2024-01-25 03:14:00,WhatsApp,Free,Reclamação,128,75.4112055172803,5.0
1213,2024-01-21 23:26:00,App iOS,Premium,Reclamação,56,13.606021643386375,5.0
1214,2024-01-29 13:06:00,WhatsApp,Standard,Reclamação,71,24.99167814330116,5.0
1215,2024-01-08 22:11:00,Web,Standard,Dúvida Produto,80,21.305096861322678,5.0
1216,2024-01-03 00:31:00,Web,Premium,Reclamação,138,15.743361543156245,5.0
1217,2024-01-02 04:54:00,App iOS,Premium,Financeiro,188,19.80389499533276,4.0
1218,2024-01-13 15:47:00,App Android,Free,Elogio,76,86.4272797467289,4.0
1219,2024-01-07 00:40:00,App iOS,Standard,Elogio,22,24.708620270741193,5.0
1220,2024-01-14 10:40:00,WhatsApp,Free,Suporte Técnico,22,233.40868660044308,4.0
1221,2024-01-13 17:43:00,WhatsApp,Standard,Suporte Técnico,52,83.83677268158984,5.0
1222,2024-01-04 23:59:00,WhatsApp,Free,Elogio,168,87.1854635261417,5.0
1223,2024-01-17 00:38:00,Web,Standard,Financeiro,1995,38.42121199172506,5.0
1224,2024-01-25 09:53:00,WhatsApp,Standard,Dúvida Produto,143,25.125828634274868,4.0
1225,2024-01-08 17:11:00,Web,Free,Dúvida Produto,54,84.83454654277747,4.0
1226,2024-01-27 01:04:00,Web,Free,Financeiro,67,95.32778228717332,5.0
1227,2024-01-02 06:02:00,WhatsApp,Premium,Dúvida Produto,165,16.178891257853483,4.0
1228,2024-01-06 15:55:00,App iOS,Free,Reclamação,248,90.8501056613669,4.0
1229,2024-01-06 15:20:00,WhatsApp,Standard,Elogio,167,22.32948046585711,5.0
1230,2024-01-28 08:24:00,WhatsApp,Standard,Elogio,167,44.028068425237976,4.0
1231,2024-01-16 05:18:00,App iOS,Premium,Financeiro,53,14.2920902548617,5.0
1232,2024-01-15 04:45:00,Web,Premium,Dúvida Produto,139,15.330802555753971,5.0
1233,2024-01-22 01:06:00,App iOS,Free,Suporte Técnico,33,252.75424919278413,4.0
1234,2024-01-12 13:26:00,Web,Standard,Suporte Técnico,183,65.45241956025706,4.0
1235,2024-01-22 13:45:00,WhatsApp,Standard,Dúvida Produto,116,30.341558525224656,5.0
1236,2024-01-18 11:59:00,App Android,Free,Suporte Técnico,76,194.52643930560174,3.0
1237,2024-01-30 03:36:00,App iOS,Free,Financeiro,17,97.47991334653615,5.0
1238,2024-01-12 08:51:00,App iOS,Premium,Financeiro,74,14.171932054333292,4.0
1239,2024-01-09 05:15:00,WhatsApp,Free,Dúvida Produto,91,94.83693349148403,5.0
1240,2024-01-02 10:09:00,Web,Premium,Suporte Técnico,98,29.65096990135799,4.0
1241,2024-01-22 22:56:00,WhatsApp,Free,Financeiro,76,75.0795041878883,3.0
1242,2024-01-27 12:31:00,WhatsApp,Free,Financeiro,62,65.42746781657756,4.0
1243,2024-01-15 12:52:00,App Android,Free,Reclamação,48,77.21045857212826,4.0
1244,2024-01-21 17:35:00,WhatsApp,Premium,Reclamação,248,7.279427268905581,5.0
1245,2024-01-05 23:18:00,App Android,Premium,Financeiro,293,14.07869938293652,4.0
1246,2024-01-30 20:56:00,Web,Standard,Dúvida Produto,106,26.794558368222443,4.0
1247,2024-01-06 03:20:00,WhatsApp,Standard,Elogio,51,30.905465781750415,
1248,2024-01-30 14:42:00,Web,Standard,Elogio,41,30.267646346605737,4.0
1249,2024-01-11 12:31:00,App Android,Free,Financeiro,76,112.62743583265927,4.0
1250,2024-01-01 19:14:00,App iOS,Standard,Financeiro,286,45.56586110864467,5.0
1251,2024-01-04 02:59:00,App Android,Standard,Financeiro,110,36.82523407890381,5.0
1252,2024-01-05 08:55:00,App iOS,Free,Dúvida Produto,195,81.84406339124841,4.0
1253,2024-01-09 11:03:00,App iOS,Standard,Reclamação,192,27.03965550174066,4.0
1254,2024-01-21 08:19:00,App Android,Free,Financeiro,142,105.63593476240287,4.0
1255,2024-01-09 22:34:00,WhatsApp,Premium,Financeiro,39,9.949965916281503,4.0
1256,2024-01-23 17:11:00,Web,Standard,Suporte Técnico,193,70.27195610754782,4.0
1257,2024-01-04 20:19:00,WhatsApp,Premium,Dúvida Produto,36,14.285541194868426,5.0
1258,2024-01-30 10:45:00,App Android,Premium,Financeiro,53,16.752394454456436,5.0
1259,2024-01-02 18:37:00,App Android,Free,Suporte Técnico,113,252.62398557633512,4.0
1260,2024-01-27 15:20:00,WhatsApp,Premium,Elogio,71,12.766318378820912,5.0
1261,2024-01-12 10:42:00,App iOS,Free,Financeiro,1680,82.5412920893067,4.0
1262,2024-01-02 12:40:00,App Android,Standard,Financeiro,34,32.67062552899624,
1263,2024-01-03 01:21:00,WhatsApp,Standard,Suporte Técnico,53,63.01619016121853,4.0
1264,2024-01-15 19:57:00,Web,Free,Dúvida Produto,139,111.7101318259371,3.0
1265,2024-01-09 07:29:00,App Android,Premium,Financeiro,429,16.827525700320724,5.0
1266,2024-01-02 23:49:00,WhatsApp,Free,Elogio,222,93.08717186750718,5.0
1267,2024-01-20 21:23:00,App iOS,Free,Financeiro,27,97.03693076905655,4.0
1268,2024-01-18 04:16:00,WhatsApp,Free,Elogio,76,81.5959688950656,4.0
1269,2024-01-27 17:07:00,App Android,Free,Reclamação,59,78.72675440062287,4.0
1270,2024-01-17 04:48:00,App Android,Premium,Reclamação,91,13.725833351583837,5.0
1271,2024-01-18 23:16:00,App Android,Standard,Elogio,112,32.9998001535591,4.0
1272,2024-01-15 18:55:00,Web,Standard,Dúvida Produto,62,31.20608988425192,5.0
1273,2024-01-03 18:27:00,App Android,Free,Financeiro,177,82.39113972553122,4.0
1274,2024-01-16 13:19:00,App Android,Free,Financeiro,197,103.49247137953779,4.0
1275,2024-01-24 14:26:00,WhatsApp,Standard,Reclamação,190,28.956321465983077,4.0
1276,2024-01-15 12:00:00,App Android,Free,Elogio,47,77.52040657939497,5.0
1277,2024-01-04 06:55:00,WhatsApp,Premium,Financeiro,116,15.763024527895562,5.0
1278,2024-01-04 03:55:00,Web,Free,Financeiro,179,71.76546879078892,5.0
1279,2024-01-30 02:34:00,WhatsApp,Standard,Dúvida Produto,158,19.876657500385793,5.0
1280,2024-01-29 08:18:00,WhatsApp,Free,Suporte Técnico,151,224.77029409956313,4.0
1281,2024-01-14 18:30:00,WhatsApp,Free,Reclamação,225,78.1665517132041,4.0
1282,2024-01-13 02:29:00,App iOS,Standard,Reclamação,67,28.475073883980905,4.0
1283,2024-01-05 18:53:00,WhatsApp,Premium,Suporte Técnico,23,30.249503113916628,5.0
1284,2024-01-10 23:33:00,App iOS,Premium,Financeiro,75,18.62679641910771,5.0
1285,2024-01-03 09:16:00,WhatsApp,Standard,Dúvida Produto,78,26.03104353643117,5.0
1286,2024-01-07 01:54:00,WhatsApp,Standard,Dúvida Produto,390,27.40800373097514,4.0
1287,2024-01-08 09:57:00,Web,Free,Reclamação,58,96.80189881649822,4.0
1288,2024-01-05 02:15:00,App iOS,Free,Dúvida Produto,195,65.2209426301917,4.0
1289,2024-01-14 16:58:00,WhatsApp,Free,Suporte Técnico,343,159.72526020380832,3.0
1290,2024-01-22 08:26:00,App iOS,Premium,Financeiro,296,16.142858507080238,4.0
1291,2024-01-23 11:12:00,App Android,Free,Suporte Técnico,92,204.97735662920238,4.0
1292,2024-01-28 15:10:00,App iOS,Free,Elogio,159,73.77308807590519,4.0
1293,2024-01-30 02:39:00,WhatsApp,Premium,Reclamação,109,16.81011951884196,5.0
1294,2024-01-04 21:20:00,WhatsApp,Free,Dúvida Produto,51,75.38541013605612,5.0
1295,2024-01-21 05:24:00,App Android,Free,Elogio,216,85.05877860811935,5.0
1296,2024-01-20 04:43:00,WhatsApp,Premium,Dúvida Produto,138,12.311608596082461,5.0
1297,2024-01-29 07:24:00,App Android,Standard,Financeiro,46,31.820623117498943,5.0
1298,2024-01-07 06:07:00,Web,Standard,Financeiro,71,37.992457156300645,4.0
1299,2024-01-26 23:30:00,App Android,Premium,Financeiro,83,9.416880212003656,4.0
1300,2024-01-29 02:07:00,App iOS,Free,Dúvida Produto,199,92.02783839751163,5.0
1301,2024-01-06 16:48:00,App Android,Free,Elogio,38,105.4185919539543,4.0
1302,2024-01-13 21:49:00,WhatsApp,Free,Financeiro,38,82.41340054849609,4.0
1303,2024-01-13 02:53:00,App iOS,Standard,Elogio,108,23.21374575422469,5.0
1304,2024-01-26 03:32:00,Web,Standard,Dúvida Produto,44,32.525781162764424,5.0
1305,2024-01-23 15:55:00,Web,Free,Elogio,82,108.0297630607878,5.0
1306,2024-01-24 11:48:00,App iOS,Free,Dúvida Produto,65,106.02939919761843,4.0
1307,2024-01-13 23:51:00,App Android,Premium,Dúvida Produto,18,16.097728013744483,4.0
1308,2024-01-03 09:00:00,App Android,Free,Reclamação,56,91.76244727695556,4.0
1309,2024-01-22 16:16:00,App iOS,Free,Dúvida Produto,80,73.81777400308258,5.0
1310,2024-01-01 05:01:00,Web,Standard,Dúvida Produto,171,35.19146970206365,5.0
1311,2024-01-01 11:39:00,Web,Premium,Suporte Técnico,299,43.574676100143805,4.0
1312,2024-01-01 03:10:00,App iOS,Free,Financeiro,52,69.5149502642052,
1313,2024-01-08 06:52:00,WhatsApp,Standard,Reclamação,104,32.18687836707895,4.0
1314,2024-01-25 19:43:00,WhatsApp,Standard,Reclamação,130,33.91694325311871,4.0
1315,2024-01-05 05:42:00,WhatsApp,Premium,Reclamação,371,17.64634131622652,5.0
1316,2024-01-14 17:38:00,WhatsApp,Standard,Suporte Técnico,63,73.87515571309169,5.0
1317,2024-01-19 12:01:00,WhatsApp,Free,Dúvida Produto,50,74.56378366536941,4.0
1318,2024-01-25 00:24:00,WhatsApp,Free,Financeiro,72,80.9619087624472,4.0
1319,2024-01-23 17:45:00,WhatsApp,Standard,Elogio,50,23.95650084926423,5.0
1320,2024-01-17 00:53:00,WhatsApp,Free,Dúvida Produto,145,89.08090802793032,5.0
1321,2024-01-01 09:29:00,App Android,Free,Suporte Técnico,175,213.89015715440894,4.0
1322,2024-01-27 12:50:00,Web,Free,Dúvida Produto,110,128.61065557383674,4.0
1323,2024-01-25 01:43:00,WhatsApp,Standard,Dúvida Produto,105,35.36806285462879,5.0
1324,2024-01-26 10:31:00,App iOS,Standard,Suporte Técnico,219,89.54322100333646,5.0
1325,2024-01-06 04:15:00,WhatsApp,Free,Reclamação,80,98.48434483489912,5.0
1326,2024-01-03 18:54:00,App Android,Free,Reclamação,156,83.38828235996668,5.0
1327,2024-01-08 16:53:00,App iOS,Premium,Financeiro,79,14.173830123545779,5.0
1328,2024-01-13 13:10:00,WhatsApp,Premium,Financeiro,38,14.448392100550137,5.0
1329,2024-01-25 20:17:00,Web,Standard,Reclamação,197,31.129399636206802,5.0
1330,2024-01-12 11:38:00,App Android,Free,Elogio,115,97.00505658402207,4.0
1331,2024-01-08 10:49:00,App Android,Free,Dúvida Produto,185,90.01275529824939,4.0
1332,2024-01-24 17:37:00,Web,Standard,Elogio,124,28.2564091359412,5.0
1333,2024-01-01 13:04:00,App iOS,Premium,Dúvida Produto,134,13.217653108536046,5.0
1334,2024-01-20 06:31:00,WhatsApp,Free,Reclamação,51,64.93232235990143,5.0
1335,2024-01-29 09:04:00,App Android,Free,Financeiro,132,113.10082497083972,5.0
1336,2024-01-29 00:08:00,WhatsApp,Standard,Financeiro,217,43.233177409592486,4.0
1337,2024-01-09 16:53:00,App Android,Free,Elogio,88,111.58806205670851,3.0
1338,2024-01-28 20:31:00,App iOS,Free,Financeiro,60,67.33681873324656,4.0
1339,2024-01-28 18:14:00,App iOS,Standard,Reclamação,160,34.72209941784535,5.0
1340,2024-01-05 00:41:00,Web,Free,Elogio,35,108.4279734291747,4.0
1341,2024-01-14 07:50:00,WhatsApp,Standard,Dúvida Produto,236,27.579373808271853,4.0
1342,2024-01-27 21:54:00,WhatsApp,Free,Financeiro,79,98.80069031350251,5.0
1343,2024-01-21 13:12:00,WhatsApp,Free,Suporte Técnico,157,204.4663635364821,3.0
1344,2024-01-08 09:27:00,WhatsApp,Free,Financeiro,116,117.52072190664732,4.0
1345,2024-01-07 01:16:00,App iOS,Free,Dúvida Produto,198,96.57667659987565,4.0
1346,2024-01-17 05:15:00,WhatsApp,Standard,Elogio,205,24.49706705177371,5.0
1347,2024-01-16 06:49:00,WhatsApp,Free,Dúvida Produto,107,102.05654576416809,4.0
1348,2024-01-17 22:16:00,App Android,Free,Suporte Técnico,264,272.64513030706115,
1349,2024-01-04 07:40:00,App Android,Premium,Reclamação,33,15.594394953407626,5.0
1350,2024-01-02 15:28:00,App Android,Free,Financeiro,130,98.62995045137883,
1351,2024-01-09 08:39:00,App Android,Free,Elogio,220,88.74443827388164,4.0
1352,2024-01-05 14:55:00,WhatsApp,Standard,Reclamação,134,23.1943172811226,5.0
1353,2024-01-29 10:21:00,WhatsApp,Free,Dúvida Produto,60,87.26879234843086,5.0
1354,2024-01-04 02:55:00,App iOS,Free,Elogio,109,99.41471339334404,5.0
1355,2024-01-08 13:33:00,App iOS,Standard,Reclamação,64,29.23183879210057,5.0
1356,2024-01-18 17:47:00,WhatsApp,Free,Elogio,62,104.41377768131264,4.0
1357,2024-01-16 13:06:00,App Android,Premium,Suporte Técnico,113,34.55863829101812,5.0
1358,2024-01-10 07:23:00,WhatsApp,Standard,Suporte Técnico,13,70.10113758823759,5.0
1359,2024-01-23 06:57:00,WhatsApp,Premium,Financeiro,81,17.493359993981713,5.0
1360,2024-01-10 02:41:00,Web,Free,Financeiro,106,93.99334530245481,4.0
1361,2024-01-08 14:46:00,Web,Free,Suporte Técnico,101,206.47252884799838,3.0
1362,2024-01-24 08:21:00,Web,Premium,Elogio,54,18.101416128025875,4.0
1363,2024-01-20 15:52:00,WhatsApp,Standard,Suporte Técnico,133,64.66896423074208,5.0
1364,2024-01-16 17:57:00,App Android,Free,Financeiro,97,76.91491873768771,5.0
1365,2024-01-22 17:29:00,WhatsApp,Premium,Suporte Técnico,316,16.279133917019443,4.0
1366,2024-01-22 13:04:00,WhatsApp,Free,Suporte Técnico,138,200.07141531401487,4.0
1367,2024-01-30 15:15:00,App Android,Free,Elogio,65,113.55690022060108,4.0
1368,2024-01-04 07:37:00,App Android,Free,Reclamação,158,52.6987316488961,5.0
1369,2024-01-21 15:49:00,App Android,Free,Financeiro,26,72.86543747587409,5.0
1370,2024-01-11 15:38:00,App Android,Standard,Elogio,101,32.63441133534102,5.0
1371,2024-01-02 17:31:00,App iOS,Free,Suporte Técnico,115,123.98099517482726,4.0
1372,2024-01-19 21:56:00,Web,Free,Suporte Técnico,102,202.0185623920606,3.0
1373,2024-01-11 03:19:00,WhatsApp,Free,Reclamação,52,110.53553788099343,5.0
1374,2024-01-14 13:08:00,Web,Premium,Financeiro,100,21.129077405546965,5.0
1375,2024-01-03 02:51:00,WhatsApp,Free,Financeiro,40,95.22443818200658,
1376,2024-01-16 00:06:00,WhatsApp,Standard,Dúvida Produto,267,24.441197890553298,5.0
1377,2024-01-16 01:39:00,App iOS,Premium,Financeiro,100,12.119613784055153,5.0
1378,2024-01-01 14:36:00,Web,Premium,Reclamação,130,15.434723907992712,5.0
1379,2024-01-23 06:53:00,WhatsApp,Free,Dúvida Produto,31,95.05733978097177,4.0
1380,2024-01-03 21:02:00,WhatsApp,Free,Dúvida Produto,61,123.44271768104849,4.0
1381,2024-01-11 13:22:00,App iOS,Free,Suporte Técnico,140,268.6862183641741,3.0
1382,2024-01-28 14:14:00,WhatsApp,Free,Suporte Técnico,180,228.78479195498207,3.0
1383,2024-01-05 21:59:00,App Android,Premium,Financeiro,47,13.994378240221744,5.0
1384,2024-01-06 13:07:00,Web,Free,Dúvida Produto,130,144.26481076743977,4.0
1385,2024-01-28 11:27:00,Web,Premium,Suporte Técnico,72,42.19946099996922,5.0
1386,2024-01-21 02:20:00,Web,Free,Reclamação,24,77.9624691556042,4.0
1387,2024-01-26 20:33:00,App Android,Free,Suporte Técnico,60,214.89196843838351,
1388,2024-01-12 19:39:00,WhatsApp,Free,Suporte Técnico,184,185.51453669986049,3.0
1389,2024-01-13 13:17:00,App iOS,Free,Dúvida Produto,197,46.71810853469299,4.0
1390,2024-01-19 05:38:00,Web,Standard,Dúvida Produto,112,31.875905947243936,4.0
1391,2024-01-15 16:16:00,WhatsApp,Standard,Elogio,104,40.69472529934389,4.0
1392,2024-01-06 18:31:00,App Android,Free,Reclamação,71,60.649970359548526,4.0
1393,2024-01-12 22:54:00,App iOS,Standard,Dúvida Produto,16,30.331575575274105,5.0
1394,2024-01-10 18:58:00,App iOS,Standard,Financeiro,121,25.758571325174415,5.0
1395,2024-01-20 14:51:00,App Android,Standard,Reclamação,50,33.12901515341912,5.0
1396,2024-01-27 08:25:00,App Android,Free,Reclamação,216,86.89805717895781,4.0
1397,2024-01-19 00:25:00,App iOS,Standard,Dúvida Produto,38,21.83967207349439,5.0
1398,2024-01-18 13:56:00,App Android,Premium,Reclamação,190,12.056688858150792,5.0
1399,2024-01-23 08:57:00,App iOS,Free,Dúvida Produto,24,75.05459042428427,
1400,2024-01-06 18:28:00,App iOS,Free,Suporte Técnico,393,285.49431935942437,3.0
1401,2024-01-05 03:09:00,App iOS,Premium,Elogio,32,18.879777830790452,5.0
1402,2024-01-01 19:10:00,App iOS,Standard,Suporte Técnico,197,70.32978169330954,5.0
1403,2024-01-17 15:04:00,WhatsApp,Premium,Dúvida Produto,59,18.68341030035404,5.0
1404,2024-01-25 02:19:00,App Android,Standard,Dúvida Produto,139,28.960896963622954,5.0
1405,2024-01-07 09:24:00,App Android,Standard,Suporte Técnico,268,70.1000586232472,5.0
1406,2024-01-01 18:01:00,WhatsApp,Free,Financeiro,77,91.02812112992115,4.0
1407,2024-01-21 08:25:00,App Android,Free,Financeiro,371,95.12685501522546,5.0
1408,2024-01-12 17:36:00,WhatsApp,Free,Financeiro,273,80.00199372842997,4.0
1409,2024-01-06 10:05:00,WhatsApp,Standard,Dúvida Produto,29,30.131194453093336,5.0
1410,2024-01-04 15:17:00,App iOS,Free,Reclamação,93,104.17180510163742,4.0
1411,2024-01-14 22:16:00,WhatsApp,Standard,Dúvida Produto,79,30.77723783523628,5.0
1412,2024-01-03 07:43:00,App Android,Free,Reclamação,97,90.77009223823777,4.0
1413,2024-01-10 09:00:00,App Android,Free,Suporte Técnico,72,247.23810964263578,3.0
1414,2024-01-21 09:35:00,Web,Premium,Elogio,48,17.00011818257583,5.0
1415,2024-01-07 17:02:00,WhatsApp,Free,Reclamação,89,88.87291526496739,3.0
1416,2024-01-12 18:44:00,WhatsApp,Standard,Financeiro,136,27.154913657531107,4.0
1417,2024-01-06 15:30:00,App iOS,Free,Dúvida Produto,13,93.40565946253624,
1418,2024-01-14 13:31:00,App Android,Premium,Suporte Técnico,2535,25.545272026325257,5.0
1419,2024-01-02 03:59:00,App iOS,Premium,Financeiro,105,14.369034013488436,5.0
1420,2024-01-03 10:26:00,WhatsApp,Free,Suporte Técnico,239,113.77980412585826,4.0
1421,2024-01-10 05:24:00,App iOS,Standard,Elogio,68,19.945249299380997,4.0
1422,2024-01-06 00:53:00,Web,Free,Dúvida Produto,61,57.128654710499205,4.0
1423,2024-01-14 06:48:00,App iOS,Standard,Dúvida Produto,52,36.28411045471831,5.0
1424,2024-01-20 09:32:00,WhatsApp,Free,Elogio,131,90.25167268744785,5.0
1425,2024-01-07 13:15:00,App iOS,Free,Dúvida Produto,22,67.28311758210597,
1426,2024-01-10 05:36:00,Web,Free,Reclamação,54,98.83918878201642,5.0
1427,2024-01-22 03:25:00,App Android,Standard,Suporte Técnico,106,89.82981719049778,5.0
1428,2024-01-10 04:45:00,WhatsApp,Standard,Financeiro,29,33.05091333688424,5.0
1429,2024-01-21 05:24:00,App iOS,Premium,Elogio,99,14.43386961452224,5.0
1430,2024-01-21 18:19:00,App Android,Standard,Reclamação,212,31.394919710516202,5.0
1431,2024-01-25 11:27:00,WhatsApp,Free,Financeiro,195,106.22693759656917,4.0
1432,2024-01-21 07:02:00,App Android,Free,Financeiro,86,81.5535749220722,5.0
1433,2024-01-19 04:51:00,App iOS,Free,Elogio,175,90.53760461864086,5.0
1434,2024-01-26 20:20:00,WhatsApp,Free,Reclamação,128,85.37052519708423,3.0
1435,2024-01-19 12:06:00,WhatsApp,Free,Financeiro,106,60.95851465225526,5.0
1436,2024-01-27 20:09:00,App iOS,Free,Financeiro,142,106.49822725159743,5.0
1437,2024-01-17 00:09:00,WhatsApp,Standard,Reclamação,71,42.34363118996406,4.0
1438,2024-01-10 18:29:00,Web,Free,Dúvida Produto,76,74.27169681765858,5.0
1439,2024-01-23 15:00:00,WhatsApp,Free,Financeiro,125,107.32824422795338,4.0
1440,2024-01-23 02:43:00,App iOS,Free,Suporte Técnico,93,187.11027991072797,4.0
1441,2024-01-02 23:29:00,WhatsApp,Premium,Reclamação,191,15.398363445231194,
1442,2024-01-28 21:18:00,App Android,Standard,Financeiro,155,39.04807364273866,5.0
1443,2024-01-17 04:09:00,App Android,Standard,Elogio,155,26.877366087647335,5.0
1444,2024-01-25 11:37:00,App Android,Free,Suporte Técnico,134,224.3391113523657,4.0
1445,2024-01-07 19:43:00,App iOS,Free,Financeiro,106,57.57294606285462,5.0
1446,2024-01-30 03:35:00,WhatsApp,Standard,Suporte Técnico,152,65.03693484080652,5.0
1447,2024-01-07 15:00:00,App iOS,Free,Suporte Técnico,181,139.21774550996824,4.0
1448,2024-01-12 08:44:00,WhatsApp,Premium,Dúvida Produto,120,16.287534359624996,5.0
1449,2024-01-04 04:51:00,WhatsApp,Standard,Suporte Técnico,50,87.47456338427367,5.0
1450,2024-01-20 05:03:00,WhatsApp,Premium,Dúvida Produto,94,14.335095340287586,4.0
1451,2024-01-27 20:06:00,Web,Free,Reclamação,30,95.14596541062227,4.0
1452,2024-01-22 12:17:00,App iOS,Free,Dúvida Produto,207,84.13685180549194,5.0
1453,2024-01-21 06:08:00,App iOS,Standard,Elogio,153,34.44327219524662,5.0
1454,2024-01-18 16:31:00,Web,Free,Financeiro,50,92.33031483225358,4.0
1455,2024-01-16 18:07:00,WhatsApp,Standard,Reclamação,58,18.086019865178645,4.0
1456,2024-01-01 14:11:00,App Android,Free,Reclamação,213,106.91965472567077,4.0
1457,2024-01-13 13:11:00,Web,Free,Elogio,56,82.98822969750324,5.0
1458,2024-01-05 17:53:00,Web,Free,Dúvida Produto,28,67.13316951824872,5.0
1459,2024-01-09 06:58:00,WhatsApp,Premium,Financeiro,38,13.68319808296799,5.0
1460,2024-01-25 10:35:00,App iOS,Free,Dúvida Produto,75,55.762746326164084,4.0
1461,2024-01-19 03:44:00,App iOS,Free,Suporte Técnico,67,168.75498099424306,5.0
1462,2024-01-03 18:40:00,WhatsApp,Standard,Dúvida Produto,71,30.85769766069233,
1463,2024-01-04 12:12:00,WhatsApp,Free,Reclamação,148,94.0808103541302,5.0
1464,2024-01-25 15:46:00,App iOS,Standard,Financeiro,61,31.83863300553101,5.0
1465,2024-01-20 11:54:00,App iOS,Free,Dúvida Produto,123,90.05777761974296,5.0
1466,2024-01-27 11:55:00,WhatsApp,Premium,Financeiro,39,12.921404629583964,5.0
1467,2024-01-29 07:30:00,App Android,Free,Financeiro,200,89.01973548970983,4.0
1468,2024-01-23 10:40:00,WhatsApp,Free,Suporte Técnico,42,205.32566488734517,4.0
1469,2024-01-27 14:24:00,Web,Premium,Suporte Técnico,95,25.30663801443612,5.0
1470,2024-01-03 17:13:00,App Android,Standard,Reclamação,85,25.36551005393647,5.0
1471,2024-01-13 02:50:00,Web,Premium,Elogio,117,17.668623693507072,5.0
1472,2024-01-17 17:47:00,App iOS,Standard,Financeiro,157,39.52976491232967,4.0
1473,2024-01-15 10:04:00,WhatsApp,Standard,Elogio,68,33.90765026471213,4.0
1474,2024-01-15 05:31:00,WhatsApp,Free,Reclamação,160,117.78655969786345,4.0
1475,2024-01-27 17:34:00,App Android,Standard,Financeiro,191,30.51233166080975,5.0
1476,2024-01-03 08:13:00,Web,Standard,Financeiro,80,40.45425650821524,5.0
1477,2024-01-09 10:41:00,App Android,Free,Elogio,272,126.98079192591445,5.0
1478,2024-01-23 05:16:00,WhatsApp,Premium,Dúvida Produto,117,9.799591505891435,5.0
1479,2024-01-19 20:02:00,WhatsApp,Free,Suporte Técnico,73,234.96719882097747,4.0
1480,2024-01-25 04:50:00,WhatsApp,Free,Dúvida Produto,99,91.55574340357576,5.0
1481,2024-01-19 23:50:00,App iOS,Free,Elogio,272,82.36613131948621,5.0
1482,2024-01-20 01:52:00,WhatsApp,Free,Suporte Técnico,120,247.1361992168124,4.0
1483,2024-01-20 23:21:00,App Android,Free,Dúvida Produto,120,90.74025123555379,4.0
1484,2024-01-18 14:31:00,Web,Premium,Suporte Técnico,127,31.984133097059676,5.0
1485,2024-01-17 01:32:00,App Android,Premium,Financeiro,169,14.920184684889055,5.0
1486,2024-01-11 15:05:00,WhatsApp,Standard,Dúvida Produto,118,37.22756747621034,
1487,2024-01-07 19:37:00,App Android,Free,Suporte Técnico,139,233.21421435972042,4.0
1488,2024-01-08 19:41:00,App iOS,Premium,Suporte Técnico,98,42.202160611920995,5.0
1489,2024-01-01 06:57:00,App iOS,Free,Suporte Técnico,106,212.5326104874409,3.0
1490,2024-01-29 20:56:00,App Android,Free,Dúvida Produto,175,98.13715218272907,4.0
1491,2024-01-15 03:18:00,App iOS,Free,Reclamação,54,68.23413845130275,4.0
1492,2024-01-03 06:27:00,App iOS,Free,Dúvida Produto,94,81.00503101044373,5.0
1493,2024-01-12 22:49:00,WhatsApp,Premium,Elogio,77,14.691994174302216,5.0
1494,2024-01-17 16:52:00,WhatsApp,Free,Dúvida Produto,32,67.02595342872232,4.0
1495,2024-01-27 17:53:00,App Android,Free,Suporte Técnico,35,187.64024764984777,3.0
1496,2024-01-19 02:52:00,App iOS,Premium,Financeiro,94,15.939335305721675,4.0
1497,2024-01-08 20:58:00,App iOS,Premium,Dúvida Produto,180,15.389495748864096,5.0
1498,2024-01-01 06:52:00,Web,Free,Dúvida Produto,107,104.51457764383876,4.0
1499,2024-01-06 05:43:00,WhatsApp,Free,Suporte Técnico,62,197.9770041816676,4.0
1500,2024-01-29 00:35:00,WhatsApp,Free,Financeiro,220,91.03684006809435,4.0
1501,2024-01-24 06:16:00,App iOS,Free,Financeiro,71,77.9063866040911,5.0
1502,2024-01-17 08:28:00,Web,Free,Elogio,44,102.71031388396787,4.0
1503,2024-01-20 00:24:00,WhatsApp,Free,Dúvida Produto,275,111.43343008845446,4.0
1504,2024-01-27 21:56:00,Web,Standard,Financeiro,98,32.89994896351681,4.0
1505,2024-01-14 02:48:00,WhatsApp,Standard,Financeiro,251,36.3671656576595,5.0
1506,2024-01-25 19:35:00,Web,Standard,Reclamação,93,30.194999177327173,4.0
1507,2024-01-13 03:46:00,WhatsApp,Free,Reclamação,94,104.50068902991316,
1508,2024-01-15 05:03:00,App iOS,Free,Financeiro,31,91.35751936702428,5.0
1509,2024-01-13 11:15:00,WhatsApp,Free,Elogio,69,71.55129480145618,4.0
1510,2024-01-27 06:41:00,Web,Standard,Financeiro,128,31.48032833219164,5.0
1511,2024-01-04 13:04:00,WhatsApp,Free,Suporte Técnico,145,180.21164877942707,3.0
1512,2024-01-25 05:51:00,WhatsApp,Free,Dúvida Produto,103,132.10432112824037,5.0
1513,2024-01-17 02:30:00,WhatsApp,Free,Elogio,76,83.98641314204399,5.0
1514,2024-01-06 02:37:00,Web,Free,Suporte Técnico,95,254.02670349520488,3.0
1515,2024-01-23 13:19:00,App iOS,Standard,Elogio,42,29.925520682846432,5.0
1516,2024-01-26 03:28:00,WhatsApp,Free,Suporte Técnico,227,169.48739591838424,3.0
1517,2024-01-14 23:50:00,App iOS,Premium,Dúvida Produto,157,9.304430909806285,5.0
1518,2024-01-04 22:04:00,App Android,Standard,Dúvida Produto,86,34.494083730444785,5.0
1519,2024-01-03 00:34:00,App iOS,Standard,Reclamação,67,39.296045560626354,5.0
1520,2024-01-15 19:52:00,WhatsApp,Free,Suporte Técnico,286,191.93383317553386,3.0
1521,2024-01-10 23:57:00,Web,Free,Reclamação,60,60.179534647927376,5.0
1522,2024-01-29 20:35:00,WhatsApp,Free,Suporte Técnico,80,210.3676770410269,3.0
1523,2024-01-01 12:08:00,WhatsApp,Free,Reclamação,233,73.13189318570281,4.0
1524,2024-01-01 11:38:00,App Android,Free,Dúvida Produto,110,78.29431776248232,4.0
1525,2024-01-28 17:54:00,WhatsApp,Free,Elogio,26,100.98672659505513,4.0
1526,2024-01-10 16:03:00,Web,Premium,Reclamação,113,14.848610857791485,3.0
1527,2024-01-12 15:39:00,App iOS,Standard,Suporte Técnico,62,62.55738661676973,5.0
1528,2024-01-06 03:20:00,App iOS,Standard,Suporte Técnico,31,83.82751179391792,
1529,2024-01-17 23:46:00,Web,Standard,Dúvida Produto,64,34.00123407045474,5.0
1530,2024-01-26 15:39:00,WhatsApp,Premium,Suporte Técnico,41,34.97206885466531,5.0
1531,2024-01-04 00:40:00,WhatsApp,Premium,Financeiro,52,15.41374956275418,
1532,2024-01-25 11:50:00,Web,Standard,Elogio,109,33.12301129846185,5.0
1533,2024-01-12 21:01:00,WhatsApp,Free,Reclamação,33,97.66985635770115,4.0
1534,2024-01-23 10:27:00,WhatsApp,Standard,Elogio,167,30.243684521793195,5.0
1535,2024-01-04 19:26:00,WhatsApp,Standard,Dúvida Produto,75,38.59551670935178,5.0
1536,2024-01-06 18:55:00,WhatsApp,Premium,Reclamação,54,16.74804243904556,5.0
1537,2024-01-15 20:04:00,WhatsApp,Free,Reclamação,74,81.88777770304081,4.0
1538,2024-01-26 20:59:00,WhatsApp,Standard,Financeiro,42,27.33198559380657,4.0
1539,2024-01-17 08:56:00,Web,Standard,Dúvida Produto,41,26.65148189917996,5.0
1540,2024-01-22 23:47:00,App iOS,Free,Suporte Técnico,70,253.4454426252515,3.0
1541,2024-01-08 17:30:00,App Android,Premium,Financeiro,113,13.13175731999428,5.0
1542,2024-01-16 06:12:00,WhatsApp,Premium,Financeiro,128,13.72530273239158,5.0
1543,2024-01-29 01:39:00,WhatsApp,Standard,Elogio,66,36.348134328694876,
1544,2024-01-01 19:27:00,WhatsApp,Premium,Elogio,80,15.574895886202167,4.0
1545,2024-01-19 21:12:00,App iOS,Premium,Elogio,108,18.595597881363563,5.0
1546,2024-01-01 17:42:00,App iOS,Standard,Financeiro,241,34.788359240114055,4.0
1547,2024-01-13 21:00:00,WhatsApp,Free,Suporte Técnico,97,172.04976769184714,4.0
1548,2024-01-17 20:04:00,App Android,Free,Reclamação,58,88.16160495166737,3.0
1549,2024-01-15 23:05:00,WhatsApp,Free,Elogio,48,107.81908271943377,5.0
1550,2024-01-16 01:29:00,Web,Standard,Suporte Técnico,169,56.667359022734814,4.0
1551,2024-01-08 18:14:00,App iOS,Free,Dúvida Produto,16,97.55479476645617,3.0
1552,2024-01-16 22:05:00,App Android,Standard,Elogio,64,29.764581157807537,5.0
1553,2024-01-27 00:57:00,App iOS,Premium,Reclamação,47,9.735633773632838,5.0
1554,2024-01-07 11:48:00,App Android,Free,Dúvida Produto,155,92.1538674813408,5.0
1555,2024-01-17 11:14:00,WhatsApp,Premium,Dúvida Produto,208,12.487595951620401,4.0
1556,2024-01-27 11:02:00,App Android,Standard,Reclamação,79,22.994089307301444,4.0
1557,2024-01-07 04:44:00,WhatsApp,Free,Elogio,54,90.16453216480738,4.0
1558,2024-01-26 18:18:00,App Android,Free,Financeiro,84,55.24464709344588,5.0
1559,2024-01-17 22:34:00,Web,Standard,Reclamação,122,25.954258244490706,4.0
1560,2024-01-05 17:21:00,App Android,Free,Reclamação,134,135.92113654504766,4.0
1561,2024-01-27 02:54:00,Web,Free,Reclamação,84,101.70400308132497,5.0
1562,2024-01-05 16:11:00,App iOS,Premium,Dúvida Produto,210,12.355725281497941,5.0
1563,2024-01-17 09:45:00,Web,Standard,Suporte Técnico,61,96.06248910150595,5.0
1564,2024-01-13 00:57:00,App iOS,Standard,Financeiro,71,24.047738635337197,4.0
1565,2024-01-25 12:27:00,WhatsApp,Standard,Elogio,73,26.677829081187166,5.0
1566,2024-01-05 21:36:00,WhatsApp,Standard,Elogio,112,23.10689154042427,5.0
1567,2024-01-08 23:56:00,WhatsApp,Free,Suporte Técnico,162,236.52359453997093,3.0
1568,2024-01-02 01:42:00,WhatsApp,Free,Reclamação,35,114.63533319774831,5.0
1569,2024-01-16 01:17:00,App Android,Free,Financeiro,40,72.01788781392258,5.0
1570,2024-01-28 03:21:00,WhatsApp,Standard,Elogio,114,17.637341775545465,4.0
1571,2024-01-20 03:29:00,App Android,Free,Elogio,41,109.63740014134956,4.0
1572,2024-01-17 04:42:00,WhatsApp,Free,Reclamação,76,117.96840901957825,5.0
1573,2024-01-14 05:45:00,WhatsApp,Free,Suporte Técnico,73,135.22137901133704,4.0
1574,2024-01-13 10:44:00,App iOS,Premium,Financeiro,195,16.380163024339332,5.0
1575,2024-01-16 15:56:00,App iOS,Free,Suporte Técnico,254,235.19274084518798,2.0
1576,2024-01-19 17:22:00,Web,Premium,Suporte Técnico,65,31.59393521334184,4.0
1577,2024-01-20 15:35:00,Web,Standard,Financeiro,132,21.6338659999846,4.0
1578,2024-01-10 14:07:00,App iOS,Premium,Financeiro,73,17.975251036339667,5.0
1579,2024-01-30 09:48:00,WhatsApp,Free,Elogio,156,93.2232695662295,4.0
1580,2024-01-19 08:32:00,App Android,Free,Elogio,40,94.57967623368097,4.0
1581,2024-01-13 07:49:00,App Android,Premium,Financeiro,191,13.134691941500396,5.0
1582,2024-01-29 18:59:00,App iOS,Standard,Dúvida Produto,60,25.188544773300254,4.0
1583,2024-01-19 05:36:00,WhatsApp,Standard,Elogio,32,15.270158752356322,4.0
1584,2024-01-28 23:02:00,App iOS,Standard,Dúvida Produto,63,28.631831821290724,5.0
1585,2024-01-26 18:00:00,WhatsApp,Premium,Financeiro,77,19.316479138362666,5.0
1586,2024-01-01 22:04:00,WhatsApp,Standard,Elogio,41,24.65847347970808,5.0
1587,2024-01-18 20:51:00,WhatsApp,Free,Suporte Técnico,90,156.49133875799672,4.0
1588,2024-01-25 22:29:00,Web,Premium,Financeiro,143,16.306993699371006,5.0
1589,2024-01-17 12:43:00,App Android,Premium,Reclamação,51,16.860239995339008,
1590,2024-01-14 19:10:00,App iOS,Standard,Dúvida Produto,238,26.484564235912945,5.0
1591,2024-01-25 00:18:00,App iOS,Free,Financeiro,366,83.72223963540645,4.0
1592,2024-01-05 13:48:00,Web,Free,Financeiro,78,94.75025610993765,4.0
1593,2024-01-27 10:29:00,WhatsApp,Free,Elogio,138,87.20010956467212,5.0
1594,2024-01-19 14:30:00,WhatsApp,Standard,Elogio,120,36.00077601452389,4.0
1595,2024-01-18 13:29:00,App Android,Free,Elogio,84,133.87036636663595,4.0
1596,2024-01-20 13:38:00,WhatsApp,Premium,Reclamação,78,9.872509334428631,4.0
1597,2024-01-20 22:30:00,App Android,Free,Elogio,25,112.13559235004365,
1598,2024-01-11 18:05:00,Web,Free,Financeiro,84,91.89467461842001,5.0
1599,2024-01-15 08:12:00,Web,Free,Elogio,155,114.9876168993749,4.0
1600,2024-01-04 07:08:00,App iOS,Free,Suporte Técnico,61,257.5959530069556,3.0
1601,2024-01-15 17:53:00,Web,Free,Elogio,234,91.10081627884281,3.0
1602,2024-01-07 13:15:00,App Android,Premium,Reclamação,121,17.280068827323102,5.0
1603,2024-01-03 13:49:00,App Android,Free,Suporte Técnico,191,207.2629902966841,4.0
1604,2024-01-22 01:55:00,Web,Premium,Financeiro,79,12.677095733685436,4.0
1605,2024-01-10 02:36:00,WhatsApp,Free,Financeiro,104,104.59553608077029,4.0
1606,2024-01-18 16:30:00,Web,Premium,Dúvida Produto,135,12.467014653631487,5.0
1607,2024-01-30 09:44:00,App Android,Premium,Suporte Técnico,73,42.31779443731176,5.0
1608,2024-01-30 19:18:00,WhatsApp,Standard,Dúvida Produto,185,30.184485498524992,4.0
1609,2024-01-28 06:58:00,App iOS,Standard,Suporte Técnico,62,40.058375233161364,4.0
1610,2024-01-30 19:56:00,App iOS,Standard,Suporte Técnico,291,66.38426324305591,4.0
1611,2024-01-11 04:43:00,App iOS,Free,Reclamação,39,96.0270875104432,5.0
1612,2024-01-01 08:24:00,WhatsApp,Premium,Dúvida Produto,128,13.781998008274524,5.0
1613,2024-01-24 14:22:00,App iOS,Premium,Reclamação,57,7.359803664713445,5.0
1614,2024-01-24 19:39:00,App Android,Free,Suporte Técnico,46,284.4337557521772,4.0
1615,2024-01-20 10:56:00,WhatsApp,Standard,Financeiro,48,31.01625030762967,4.0
1616,2024-01-17 15:20:00,WhatsApp,Free,Suporte Técnico,13,244.96826810714126,4.0
1617,2024-01-24 07:51:00,App Android,Free,Reclamação,43,81.48102926079162,
1618,2024-01-13 00:32:00,WhatsApp,Free,Dúvida Produto,160,99.56681438663983,5.0
1619,2024-01-27 05:57:00,App Android,Free,Dúvida Produto,151,123.02676260256065,4.0
1620,2024-01-02 11:05:00,Web,Standard,Reclamação,37,25.589562098235852,4.0
1621,2024-01-26 06:35:00,WhatsApp,Free,Dúvida Produto,127,120.00622869642727,4.0
1622,2024-01-16 18:20:00,App Android,Standard,Elogio,54,32.39138439535204,5.0
1623,2024-01-25 01:00:00,Web,Standard,Financeiro,21,24.78340351177882,5.0
1624,2024-01-27 03:58:00,Web,Free,Financeiro,162,129.82303147663816,4.0
1625,2024-01-15 06:39:00,WhatsApp,Standard,Financeiro,176,32.349841439333595,5.0
1626,2024-01-20 02:29:00,Web,Free,Dúvida Produto,62,102.17661603791474,5.0
1627,2024-01-20 08:20:00,WhatsApp,Free,Dúvida Produto,193,85.15166211491835,4.0
1628,2024-01-08 15:23:00,WhatsApp,Free,Suporte Técnico,87,189.16530096017172,4.0
1629,2024-01-16 02:12:00,App Android,Free,Suporte Técnico,99,232.55159601041052,4.0
1630,2024-01-18 22:26:00,WhatsApp,Standard,Financeiro,84,39.488782340899974,4.0
1631,2024-01-22 01:54:00,App iOS,Standard,Elogio,37,28.142041126885868,4.0
1632,2024-01-10 14:43:00,WhatsApp,Free,Suporte Técnico,78,223.79619394916378,4.0
1633,2024-01-05 07:10:00,App iOS,Standard,Suporte Técnico,38,96.84492707969378,4.0
1634,2024-01-13 06:00:00,WhatsApp,Free,Dúvida Produto,131,84.59411677552367,4.0
1635,2024-01-27 16:13:00,App Android,Free,Elogio,140,99.18497360104418,5.0
1636,2024-01-30 09:56:00,Web,Free,Financeiro,21,105.79230912131456,3.0
1637,2024-01-29 08:21:00,WhatsApp,Standard,Suporte Técnico,137,72.04828576684525,4.0
1638,2024-01-03 07:30:00,WhatsApp,Premium,Elogio,88,15.929512779599769,5.0
1639,2024-01-14 06:07:00,WhatsApp,Standard,Elogio,24,33.96661666608704,5.0
1640,2024-01-29 18:30:00,Web,Premium,Financeiro,106,13.797254419367619,5.0
1641,2024-01-18 00:24:00,WhatsApp,Free,Elogio,71,104.68377296981987,4.0
1642,2024-01-05 22:34:00,App Android,Standard,Elogio,55,26.718083499267365,5.0
1643,2024-01-10 06:03:00,Web,Premium,Elogio,38,12.974737263118527,4.0
1644,2024-01-24 16:41:00,WhatsApp,Premium,Suporte Técnico,117,26.04719204384657,5.0
1645,2024-01-08 14:55:00,App iOS,Free,Financeiro,98,80.93767780978095,5.0
1646,2024-01-08 15:43:00,App iOS,Free,Elogio,101,75.32095136633602,5.0
1647,2024-01-15 21:27:00,WhatsApp,Standard,Elogio,188,27.594756262470156,4.0
1648,2024-01-18 07:33:00,WhatsApp,Premium,Suporte Técnico,233,42.089944739358664,5.0
1649,2024-01-17 15:19:00,WhatsApp,Standard,Financeiro,18,19.645954479749385,5.0
1650,2024-01-01 11:07:00,App iOS,Standard,Dúvida Produto,118,18.15197463247735,5.0
1651,2024-01-21 15:03:00,App iOS,Free,Suporte Técnico,63,191.29143525069227,4.0
1652,2024-01-07 11:37:00,Web,Free,Financeiro,130,98.30214888455983,4.0
1653,2024-01-26 08:07:00,App Android,Standard,Elogio,53,31.73318968211812,5.0
1654,2024-01-14 06:49:00,App Android,Standard,Financeiro,290,25.409626002534445,5.0
1655,2024-01-28 22:51:00,Web,Free,Financeiro,134,111.04934817881632,4.0
1656,2024-01-23 04:01:00,App Android,Standard,Financeiro,81,26.049540389289955,5.0
1657,2024-01-24 03:07:00,WhatsApp,Free,Dúvida Produto,195,98.32417175028829,4.0
1658,2024-01-19 23:55:00,WhatsApp,Premium,Financeiro,49,13.911641017397484,4.0
1659,2024-01-27 04:52:00,WhatsApp,Standard,Dúvida Produto,138,24.787341894038065,5.0
1660,2024-01-04 08:35:00,WhatsApp,Premium,Elogio,79,13.18479963565578,5.0
1661,2024-01-14 23:59:00,Web,Free,Dúvida Produto,86,103.21200692664405,5.0
1662,2024-01-27 22:50:00,App Android,Free,Elogio,362,96.4984526125696,5.0
1663,2024-01-28 20:00:00,WhatsApp,Standard,Elogio,120,35.808615982659255,5.0
1664,2024-01-27 10:48:00,WhatsApp,Premium,Dúvida Produto,53,16.082958247611245,4.0
1665,2024-01-10 04:16:00,Web,Premium,Suporte Técnico,85,25.416229026193356,5.0
1666,2024-01-25 16:27:00,App Android,Standard,Reclamação,55,42.68648900585276,5.0
1667,2024-01-22 20:31:00,WhatsApp,Premium,Financeiro,59,16.125507042175407,4.0
1668,2024-01-13 00:28:00,Web,Premium,Reclamação,101,16.54401466316469,5.0
1669,2024-01-20 02:52:00,WhatsApp,Free,Financeiro,56,83.21692176906191,4.0
1670,2024-01-24 20:29:00,WhatsApp,Standard,Financeiro,194,36.67906975980425,5.0
1671,2024-01-04 23:13:00,App Android,Standard,Elogio,80,23.44135463639927,
1672,2024-01-04 08:04:00,App Android,Free,Financeiro,89,100.97692339794287,5.0
1673,2024-01-08 00:56:00,WhatsApp,Premium,Financeiro,62,8.761100153258882,5.0
1674,2024-01-01 00:09:00,App Android,Free,Dúvida Produto,36,102.1897533843033,5.0
1675,2024-01-14 08:55:00,App iOS,Standard,Reclamação,39,23.522697530163423,5.0
1676,2024-01-17 12:33:00,App Android,Free,Dúvida Produto,108,94.98590136768826,4.0
1677,2024-01-21 12:28:00,Web,Free,Financeiro,73,114.43212840143114,4.0
1678,2024-01-27 07:32:00,Web,Free,Elogio,112,104.8089127410079,4.0
1679,2024-01-01 16:55:00,Web,Free,Dúvida Produto,177,112.0388700621161,4.0
1680,2024-01-20 05:52:00,App iOS,Standard,Dúvida Produto,54,36.72509066188685,4.0
1681,2024-01-25 06:41:00,WhatsApp,Free,Suporte Técnico,323,201.40727656905545,3.0
1682,2024-01-06 20:15:00,WhatsApp,Standard,Financeiro,45,33.58998104284713,5.0
1683,2024-01-17 13:13:00,WhatsApp,Standard,Elogio,38,19.65049862434914,5.0
1684,2024-01-03 21:18:00,App iOS,Standard,Dúvida Produto,163,25.878381492334494,5.0
1685,2024-01-15 02:29:00,WhatsApp,Free,Dúvida Produto,91,115.06778798911293,4.0
1686,2024-01-05 20:10:00,App iOS,Premium,Elogio,52,13.844889592721337,5.0
1687,2024-01-05 19:38:00,App Android,Free,Financeiro,36,56.37596603992661,5.0
1688,2024-01-15 16:48:00,WhatsApp,Free,Suporte Técnico,46,315.6164512799111,3.0
1689,2024-01-15 03:44:00,App iOS,Free,Dúvida Produto,95,100.12050509705496,5.0
1690,2024-01-13 12:17:00,Web,Free,Suporte Técnico,216,259.4015199137606,4.0
1691,2024-01-08 04:24:00,App Android,Standard,Reclamação,26,24.117182790468615,4.0
1692,2024-01-28 19:14:00,WhatsApp,Standard,Financeiro,101,31.70433942317922,5.0
1693,2024-01-07 01:02:00,App iOS,Standard,Reclamação,148,31.54544982533517,4.0
1694,2024-01-01 06:24:00,App Android,Premium,Reclamação,64,12.535545430128973,5.0
1695,2024-01-01 06:44:00,App Android,Premium,Reclamação,223,14.490540943430524,5.0
1696,2024-01-29 10:23:00,App iOS,Standard,Financeiro,110,20.997193723301894,5.0
1697,2024-01-21 06:29:00,Web,Standard,Financeiro,157,27.91974280274399,4.0
1698,2024-01-09 20:43:00,App iOS,Free,Elogio,152,107.52923263067674,4.0
1699,2024-01-13 18:24:00,App Android,Free,Suporte Técnico,189,191.39182834535617,
1700,2024-01-23 15:26:00,Web,Standard,Suporte Técnico,83,103.60946754639829,4.0
1701,2024-01-07 20:20:00,WhatsApp,Free,Elogio,247,64.15035277436898,5.0
1702,2024-01-27 21:57:00,App Android,Premium,Elogio,87,14.219473950613217,5.0
1703,2024-01-11 11:46:00,App iOS,Standard,Reclamação,78,26.06142021831525,5.0
1704,2024-01-17 08:54:00,App iOS,Free,Elogio,75,86.75674503528835,5.0
1705,2024-01-17 08:04:00,WhatsApp,Standard,Dúvida Produto,72,38.22884869284553,5.0
1706,2024-01-03 12:36:00,App iOS,Standard,Suporte Técnico,71,60.23316755303855,4.0
1707,2024-01-08 13:56:00,WhatsApp,Free,Elogio,96,81.87713044326846,4.0
1708,2024-01-04 08:09:00,App iOS,Free,Dúvida Produto,98,101.7811035490165,5.0
1709,2024-01-23 08:41:00,WhatsApp,Free,Dúvida Produto,97,91.67685803851775,4.0
1710,2024-01-10 08:16:00,App iOS,Free,Dúvida Produto,80,93.15314908756206,4.0
1711,2024-01-27 22:05:00,App Android,Free,Dúvida Produto,152,72.62502588720797,4.0
1712,2024-01-25 04:16:00,WhatsApp,Standard,Reclamação,104,29.570499170385016,5.0
1713,2024-01-12 21:00:00,App Android,Standard,Dúvida Produto,123,36.78947070923714,5.0
1714,2024-01-16 05:49:00,Web,Premium,Reclamação,47,10.171437050757062,
1715,2024-01-04 03:44:00,App Android,Standard,Reclamação,36,25.816145095805837,5.0
1716,2024-01-27 05:04:00,App iOS,Free,Dúvida Produto,142,57.32025066854395,5.0
1717,2024-01-30 17:03:00,Web,Standard,Suporte Técnico,157,83.05463545415611,4.0
1718,2024-01-19 12:17:00,App iOS,Free,Dúvida Produto,44,112.05846981566044,4.0
1719,2024-01-26 03:07:00,App Android,Free,Dúvida Produto,40,86.69862022874324,4.0
1720,2024-01-06 00:39:00,Web,Free,Dúvida Produto,198,71.90063973872465,4.0
1721,2024-01-11 01:29:00,WhatsApp,Free,Suporte Técnico,65,181.0689096845459,4.0
1722,2024-01-30 22:45:00,App iOS,Free,Financeiro,56,84.65297025829064,4.0
1723,2024-01-20 19:38:00,App Android,Premium,Financeiro,40,14.097383863825424,5.0
1724,2024-01-23 06:09:00,App iOS,Free,Reclamação,41,106.41297201324066,4.0
1725,2024-01-26 18:51:00,App iOS,Premium,Reclamação,318,12.993371896670961,5.0
1726,2024-01-30 19:44:00,Web,Free,Suporte Técnico,84,244.5785252183637,4.0
1727,2024-01-06 20:27:00,App Android,Standard,Elogio,74,28.16717982451279,5.0
1728,2024-01-29 17:08:00,WhatsApp,Free,Financeiro,38,76.59437480568293,4.0
1729,2024-01-17 20:45:00,Web,Free,Reclamação,25,84.05323085986241,4.0
1730,2024-01-27 03:06:00,WhatsApp,Premium,Financeiro,256,16.00961514561294,5.0
1731,2024-01-30 17:28:00,WhatsApp,Standard,Suporte Técnico,175,88.72400084822553,4.0
1732,2024-01-16 22:08:00,WhatsApp,Free,Suporte Técnico,102,213.66120657786797,5.0
1733,2024-01-14 07:58:00,WhatsApp,Standard,Elogio,76,22.77637121521338,5.0
1734,2024-01-14 17:18:00,App iOS,Free,Elogio,99,107.99486645877792,4.0
1735,2024-01-11 14:14:00,WhatsApp,Free,Suporte Técnico,97,184.58237775815485,4.0
1736,2024-01-01 20:52:00,Web,Standard,Reclamação,212,31.564939006065195,4.0
1737,2024-01-28 14:44:00,WhatsApp,Standard,Financeiro,119,29.851003993777475,4.0
1738,2024-01-09 10:53:00,WhatsApp,Standard,Dúvida Produto,64,29.048579445922687,4.0
1739,2024-01-27 00:01:00,WhatsApp,Free,Elogio,53,81.23442659661588,5.0
1740,2024-01-19 12:58:00,WhatsApp,Standard,Dúvida Produto,91,33.72089268249278,5.0
1741,2024-01-11 23:01:00,App iOS,Free,Reclamação,78,25.5228730652248,5.0
1742,2024-01-10 01:31:00,App iOS,Standard,Elogio,115,36.81882305020223,5.0
1743,2024-01-28 12:49:00,App iOS,Free,Dúvida Produto,21,73.57486006090737,5.0
1744,2024-01-05 19:49:00,Web,Free,Reclamação,100,97.34322437551167,5.0
1745,2024-01-30 08:49:00,WhatsApp,Free,Financeiro,45,96.39046112282873,4.0
1746,2024-01-06 13:37:00,App Android,Standard,Reclamação,60,37.64986429212491,4.0
1747,2024-01-05 19:41:00,Web,Free,Elogio,83,93.55948443968525,5.0
1748,2024-01-19 00:14:00,Web,Free,Suporte Técnico,233,187.69008687146797,3.0
1749,2024-01-17 05:46:00,WhatsApp,Free,Financeiro,126,61.11441021760256,5.0
1750,2024-01-08 02:09:00,WhatsApp,Free,Dúvida Produto,82,83.72154321228646,4.0
1751,2024-01-13 07:15:00,WhatsApp,Standard,Elogio,33,18.250947426701927,5.0
1752,2024-01-21 02:00:00,WhatsApp,Premium,Suporte Técnico,89,32.786357202669336,5.0
1753,2024-01-23 00:23:00,Web,Free,Reclamação,45,84.7326488340563,4.0
1754,2024-01-30 09:18:00,Web,Standard,Suporte Técnico,174,64.65126032956613,5.0
1755,2024-01-04 05:17:00,App iOS,Free,Elogio,87,90.75192583256842,4.0
1756,2024-01-04 08:54:00,App iOS,Free,Elogio,40,85.75012780345426,5.0
1757,2024-01-30 22:08:00,App Android,Premium,Suporte Técnico,83,35.04235094003413,4.0
1758,2024-01-27 03:40:00,App iOS,Free,Reclamação,169,46.3652888933285,5.0
1759,2024-01-28 15:31:00,App Android,Standard,Suporte Técnico,165,55.57942228971676,5.0
1760,2024-01-14 18:56:00,WhatsApp,Free,Elogio,77,101.56782117338777,4.0
1761,2024-01-16 03:53:00,WhatsApp,Free,Elogio,145,104.476612913054,4.0
1762,2024-01-14 20:43:00,WhatsApp,Free,Dúvida Produto,105,56.90201907637808,5.0
1763,2024-01-26 15:32:00,App iOS,Premium,Dúvida Produto,1065,12.555845456297606,5.0
1764,2024-01-19 20:49:00,App Android,Standard,Financeiro,25,36.43179220559476,4.0
1765,2024-01-06 12:21:00,WhatsApp,Free,Elogio,138,77.07530135870732,5.0
1766,2024-01-10 23:48:00,App Android,Free,Dúvida Produto,51,87.99316583174799,5.0
1767,2024-01-04 20:49:00,WhatsApp,Free,Suporte Técnico,103,289.88123980571584,3.0
1768,2024-01-03 23:40:00,App Android,Premium,Reclamação,24,13.915268065669819,5.0
1769,2024-01-28 02:37:00,WhatsApp,Standard,Suporte Técnico,98,67.42920884719327,
1770,2024-01-26 09:46:00,WhatsApp,Standard,Reclamação,83,29.05777985644422,4.0
1771,2024-01-09 08:15:00,Web,Free,Dúvida Produto,124,123.3613943621969,5.0
1772,2024-01-05 08:14:00,WhatsApp,Standard,Financeiro,74,32.67721101773688,5.0
1773,2024-01-12 21:44:00,WhatsApp,Standard,Suporte Técnico,94,75.28622441669651,4.0
1774,2024-01-17 19:34:00,WhatsApp,Free,Suporte Técnico,166,201.40380199432875,3.0
1775,2024-01-28 20:38:00,App Android,Premium,Suporte Técnico,298,41.54112696135842,4.0
1776,2024-01-11 13:03:00,Web,Free,Reclamação,344,101.87459585875438,3.0
1777,2024-01-05 07:58:00,WhatsApp,Free,Dúvida Produto,383,70.68278682944154,5.0
1778,2024-01-05 05:30:00,App iOS,Free,Suporte Técnico,90,255.8982686375772,3.0
1779,2024-01-09 01:57:00,App iOS,Standard,Suporte Técnico,103,72.73271570064854,5.0
1780,2024-01-16 13:35:00,WhatsApp,Premium,Financeiro,290,15.07439590388582,4.0
1781,2024-01-17 17:11:00,Web,Free,Financeiro,207,74.08279794621028,5.0
1782,2024-01-30 15:19:00,WhatsApp,Free,Dúvida Produto,59,82.80032349907962,5.0
1783,2024-01-29 15:20:00,WhatsApp,Free,Dúvida Produto,49,71.45743922598908,4.0
1784,2024-01-13 16:31:00,App iOS,Premium,Elogio,20,11.765345489651098,5.0
1785,2024-01-26 00:34:00,WhatsApp,Free,Financeiro,118,96.78762396768204,4.0
1786,2024-01-24 05:14:00,Web,Free,Elogio,216,83.60790182202405,5.0
1787,2024-01-03 21:48:00,App iOS,Free,Reclamação,53,66.60652194247652,4.0
1788,2024-01-08 01:21:00,WhatsApp,Free,Elogio,54,129.18694765479077,
1789,2024-01-20 22:52:00,Web,Free,Suporte Técnico,137,174.39052323078286,4.0
1790,2024-01-08 20:34:00,WhatsApp,Free,Elogio,181,109.65785329834802,4.0
1791,2024-01-17 15:14:00,App Android,Premium,Dúvida Produto,106,10.570609075134595,5.0
1792,2024-01-15 22:28:00,Web,Standard,Reclamação,53,32.73901401100677,4.0
1793,2024-01-16 06:09:00,App Android,Premium,Suporte Técnico,78,35.62079723535982,5.0
1794,2024-01-27 01:45:00,Web,Standard,Elogio,71,26.225659611849572,5.0
1795,2024-01-26 11:08:00,WhatsApp,Standard,Reclamação,133,31.180453942594237,5.0
1796,2024-01-17 00:21:00,App iOS,Premium,Reclamação,53,15.186779568987996,5.0
1797,2024-01-10 12:36:00,App Android,Standard,Suporte Técnico,35,62.81302224476932,5.0
1798,2024-01-28 14:29:00,App iOS,Premium,Elogio,21,12.426783357639,
1799,2024-01-28 04:24:00,App Android,Free,Reclamação,60,61.669544184100786,5.0
1800,2024-01-12 17:47:00,App Android,Free,Reclamação,169,95.50015891842692,
1801,2024-01-14 00:57:00,WhatsApp,Premium,Financeiro,47,11.238585518699974,4.0
1802,2024-01-20 05:33:00,WhatsApp,Free,Reclamação,27,90.07154921730928,5.0
1803,2024-01-30 19:28:00,App iOS,Free,Financeiro,36,100.6646037141729,
1804,2024-01-19 06:49:00,Web,Standard,Elogio,43,31.248330190944326,4.0
1805,2024-01-12 07:22:00,App Android,Premium,Elogio,60,12.830606105948226,4.0
1806,2024-01-17 09:44:00,App Android,Free,Elogio,33,106.35862340429944,4.0
1807,2024-01-17 04:41:00,WhatsApp,Free,Dúvida Produto,154,82.65651339417745,4.0
1808,2024-01-08 06:48:00,WhatsApp,Free,Elogio,40,65.98510633791017,3.0
1809,2024-01-16 16:14:00,App iOS,Premium,Reclamação,111,14.148817486640167,
1810,2024-01-04 15:20:00,WhatsApp,Premium,Suporte Técnico,59,41.900980334885446,4.0
1811,2024-01-08 06:38:00,App Android,Standard,Financeiro,50,25.95351411353924,5.0
1812,2024-01-14 09:02:00,Web,Standard,Dúvida Produto,145,35.269094489821825,4.0
1813,2024-01-04 01:52:00,App iOS,Standard,Elogio,84,25.378043608694096,5.0
1814,2024-01-21 15:21:00,WhatsApp,Standard,Elogio,197,26.194720837886837,5.0
1815,2024-01-10 10:08:00,App iOS,Free,Suporte Técnico,61,177.9264442866036,4.0
1816,2024-01-10 20:18:00,Web,Free,Suporte Técnico,39,255.7669291608613,3.0
1817,2024-01-16 09:55:00,Web,Standard,Dúvida Produto,71,29.680544579464787,5.0
1818,2024-01-01 05:02:00,WhatsApp,Free,Financeiro,56,72.36428494060846,5.0
1819,2024-01-12 19:42:00,App iOS,Standard,Elogio,251,27.62273794631338,4.0
1820,2024-01-01 00:55:00,App Android,Standard,Dúvida Produto,55,11.573094072605834,4.0
1821,2024-01-07 01:17:00,WhatsApp,Standard,Reclamação,113,34.66783418079986,4.0
1822,2024-01-20 22:19:00,WhatsApp,Free,Reclamação,89,86.92656048903046,4.0
1823,2024-01-06 15:50:00,WhatsApp,Free,Dúvida Produto,39,46.68771328182185,4.0
1824,2024-01-02 11:25:00,App iOS,Free,Elogio,47,63.779734056166525,5.0
1825,2024-01-12 15:08:00,App iOS,Standard,Dúvida Produto,100,27.47043562465438,5.0
1826,2024-01-28 11:37:00,Web,Free,Elogio,100,66.34492633611293,5.0
1827,2024-01-04 05:01:00,WhatsApp,Premium,Suporte Técnico,70,43.45011992764544,5.0
1828,2024-01-11 10:34:00,WhatsApp,Free,Dúvida Produto,82,97.53431194784078,4.0
1829,2024-01-04 13:26:00,Web,Free,Elogio,24,96.47164698332165,4.0
1830,2024-01-04 13:22:00,Web,Standard,Dúvida Produto,47,14.373918388711772,5.0
1831,2024-01-13 12:30:00,App Android,Free,Dúvida Produto,169,80.5417485442759,4.0
1832,2024-01-13 00:22:00,WhatsApp,Free,Elogio,60,77.44290388903698,5.0
1833,2024-01-14 07:41:00,App iOS,Premium,Elogio,169,12.137836637686238,4.0
1834,2024-01-27 19:58:00,Web,Free,Financeiro,186,82.52684493905319,5.0
1835,2024-01-02 01:31:00,Web,Standard,Dúvida Produto,184,23.242570757483623,4.0
1836,2024-01-29 10:20:00,App iOS,Free,Reclamação,245,93.87397319310392,5.0
1837,2024-01-29 02:01:00,App iOS,Free,Dúvida Produto,123,103.79792437807988,4.0
1838,2024-01-17 04:53:00,App Android,Free,Dúvida Produto,239,102.24690729162609,5.0
1839,2024-01-28 12:50:00,WhatsApp,Free,Elogio,162,87.51759746919335,4.0
1840,2024-01-25 01:54:00,WhatsApp,Free,Dúvida Produto,22,125.98631453400304,
1841,2024-01-25 21:34:00,App iOS,Premium,Dúvida Produto,116,18.41992534350153,5.0
1842,2024-01-06 15:52:00,Web,Free,Reclamação,343,88.17195233389407,
1843,2024-01-27 17:58:00,WhatsApp,Standard,Elogio,19,27.106366738790904,5.0
1844,2024-01-08 03:07:00,WhatsApp,Standard,Dúvida Produto,88,38.02816297669152,
1845,2024-01-18 13:29:00,WhatsApp,Standard,Suporte Técnico,38,90.113710241441,4.0
1846,2024-01-01 17:42:00,App Android,Premium,Financeiro,49,10.768718388527311,4.0
1847,2024-01-21 18:46:00,WhatsApp,Free,Reclamação,60,109.54478374611742,5.0
1848,2024-01-05 07:49:00,WhatsApp,Premium,Dúvida Produto,115,14.536879395828214,5.0
1849,2024-01-04 05:12:00,WhatsApp,Free,Suporte Técnico,69,186.25898112329887,4.0
1850,2024-01-28 02:56:00,WhatsApp,Standard,Dúvida Produto,113,18.12476484455602,4.0
1851,2024-01-03 11:56:00,WhatsApp,Premium,Dúvida Produto,280,14.193251415906596,4.0
1852,2024-01-05 06:48:00,Web,Free,Elogio,174,89.77990346604135,5.0
1853,2024-01-30 13:23:00,WhatsApp,Premium,Elogio,99,19.761982962330652,5.0
1854,2024-01-06 06:01:00,App Android,Standard,Elogio,74,35.74340284649212,5.0
1855,2024-01-06 17:38:00,WhatsApp,Free,Suporte Técnico,121,198.77009753807843,4.0
1856,2024-01-12 12:56:00,Web,Premium,Dúvida Produto,22,16.16802718265921,4.0
1857,2024-01-19 13:34:00,App Android,Free,Financeiro,65,104.87248960811083,5.0
1858,2024-01-05 10:11:00,App iOS,Premium,Reclamação,124,15.257872164051646,5.0
1859,2024-01-19 02:29:00,Web,Standard,Elogio,98,26.477075045812775,4.0
1860,2024-01-10 23:29:00,WhatsApp,Free,Elogio,181,80.42089578761798,4.0
1861,2024-01-09 23:10:00,WhatsApp,Standard,Dúvida Produto,164,32.31283842274171,5.0
1862,2024-01-06 12:23:00,App iOS,Premium,Dúvida Produto,118,16.23894169657514,5.0
1863,2024-01-09 11:19:00,App Android,Standard,Suporte Técnico,69,70.60568076354683,
1864,2024-01-11 22:08:00,App iOS,Standard,Suporte Técnico,59,35.71271692419991,4.0
1865,2024-01-17 03:55:00,Web,Free,Elogio,188,66.77059090875677,5.0
1866,2024-01-05 16:18:00,App iOS,Standard,Dúvida Produto,119,33.71813352967267,5.0
1867,2024-01-12 01:13:00,Web,Free,Financeiro,47,51.644916047594236,5.0
1868,2024-01-25 11:20:00,WhatsApp,Free,Reclamação,170,111.31525829460986,5.0
1869,2024-01-14 06:43:00,Web,Standard,Dúvida Produto,115,36.21694356683102,5.0
1870,2024-01-24 23:29:00,App Android,Free,Dúvida Produto,83,90.7397348747977,5.0
1871,2024-01-08 01:27:00,WhatsApp,Standard,Suporte Técnico,2280,83.96896551342911,4.0
1872,2024-01-08 07:54:00,App iOS,Free,Reclamação,130,99.51794421045994,3.0
1873,2024-01-12 23:40:00,WhatsApp,Premium,Elogio,212,14.64938061490136,
1874,2024-01-03 15:32:00,Web,Free,Dúvida Produto,211,65.26999588340574,4.0
1875,2024-01-20 11:04:00,WhatsApp,Standard,Elogio,63,35.803637850370116,5.0
1876,2024-01-19 22:45:00,Web,Standard,Dúvida Produto,88,38.443380068301806,5.0
1877,2024-01-19 16:20:00,App iOS,Free,Elogio,71,68.24537056363783,5.0
1878,2024-01-02 02:45:00,WhatsApp,Free,Reclamação,278,64.59740990694542,4.0
1879,2024-01-04 21:42:00,App iOS,Premium,Suporte Técnico,154,36.47402321431994,
1880,2024-01-05 16:47:00,App iOS,Premium,Reclamação,89,13.12132621309065,5.0
1881,2024-01-19 20:19:00,App Android,Free,Financeiro,53,92.60908632369826,5.0
1882,2024-01-09 01:33:00,WhatsApp,Free,Suporte Técnico,96,279.3597317937174,3.0
1883,2024-01-08 08:29:00,WhatsApp,Free,Reclamação,16,49.57793211109508,
1884,2024-01-10 15:58:00,WhatsApp,Free,Financeiro,73,118.46289512914478,4.0
1885,2024-01-14 23:19:00,App Android,Free,Dúvida Produto,44,82.67996804621544,4.0
1886,2024-01-20 01:26:00,App Android,Free,Dúvida Produto,168,99.21202161570889,5.0
1887,2024-01-10 01:26:00,Web,Standard,Elogio,74,33.712355028626796,4.0
1888,2024-01-18 05:38:00,App Android,Premium,Suporte Técnico,100,43.01505865648347,4.0
1889,2024-01-25 13:18:00,Web,Free,Dúvida Produto,85,91.11434587253994,5.0
1890,2024-01-04 00:04:00,App iOS,Free,Suporte Técnico,172,238.30022708040354,4.0
1891,2024-01-08 11:47:00,WhatsApp,Premium,Dúvida Produto,175,15.867066151816209,5.0
1892,2024-01-07 07:51:00,App iOS,Standard,Elogio,132,26.218303195323315,5.0
1893,2024-01-27 11:10:00,WhatsApp,Free,Reclamação,115,58.35500655413044,5.0
1894,2024-01-12 09:09:00,App Android,Free,Elogio,27,68.0546551002265,4.0
1895,2024-01-29 18:27:00,App iOS,Standard,Financeiro,80,29.37457212301179,4.0
1896,2024-01-10 18:03:00,App iOS,Standard,Dúvida Produto,194,25.27916005862169,5.0
1897,2024-01-20 23:06:00,WhatsApp,Standard,Financeiro,106,25.29302356566279,4.0
1898,2024-01-16 12:30:00,WhatsApp,Standard,Financeiro,74,40.79550627411717,5.0
1899,2024-01-29 21:25:00,WhatsApp,Standard,Suporte Técnico,65,87.88342194989809,5.0
1900,2024-01-01 01:57:00,WhatsApp,Premium,Dúvida Produto,65,14.24377210227008,5.0
1901,2024-01-14 03:35:00,WhatsApp,Free,Financeiro,99,102.09662902179795,4.0
1902,2024-01-10 04:34:00,App Android,Standard,Reclamação,60,27.478388366454595,5.0
1903,2024-01-27 14:48:00,Web,Free,Financeiro,185,91.99302181535694,4.0
1904,2024-01-01 14:06:00,WhatsApp,Free,Reclamação,24,97.94931567154049,5.0
1905,2024-01-08 14:34:00,WhatsApp,Standard,Suporte Técnico,151,68.73591048342182,4.0
1906,2024-01-10 12:23:00,Web,Free,Financeiro,220,77.66549014433228,5.0
1907,2024-01-16 18:20:00,App iOS,Standard,Elogio,42,37.343590910811024,5.0
1908,2024-01-23 06:03:00,Web,Free,Suporte Técnico,140,252.6350835239148,3.0
1909,2024-01-05 11:49:00,App Android,Standard,Reclamação,120,16.472334730243695,5.0
1910,2024-01-21 21:45:00,Web,Free,Suporte Técnico,51,194.93388314857754,
1911,2024-01-30 05:41:00,App Android,Free,Financeiro,39,75.93709500550091,
1912,2024-01-19 07:46:00,App Android,Standard,Dúvida Produto,127,26.273171467125614,5.0
1913,2024-01-26 16:16:00,WhatsApp,Premium,Dúvida Produto,281,17.587206866276684,4.0
1914,2024-01-28 02:51:00,App Android,Free,Reclamação,202,90.34570742406645,4.0
1915,2024-01-02 10:08:00,WhatsApp,Free,Reclamação,141,64.98666592460017,4.0
1916,2024-01-28 02:01:00,App Android,Standard,Dúvida Produto,125,27.700710978248306,4.0
1917,2024-01-09 23:41:00,WhatsApp,Free,Reclamação,106,99.75127765709142,3.0
1918,2024-01-30 12:53:00,App Android,Standard,Suporte Técnico,88,71.70532476699368,3.0
1919,2024-01-02 06:28:00,App Android,Free,Elogio,131,78.39583287905715,5.0
1920,2024-01-02 07:57:00,App Android,Premium,Elogio,50,15.993657836215585,4.0
1921,2024-01-15 07:38:00,App iOS,Free,Suporte Técnico,162,297.81866202475845,4.0
1922,2024-01-23 09:34:00,WhatsApp,Standard,Elogio,92,32.76854899775111,5.0
1923,2024-01-28 14:36:00,WhatsApp,Standard,Financeiro,93,37.80564907819019,5.0
1924,2024-01-14 23:28:00,Web,Premium,Suporte Técnico,248,33.167893366013224,5.0
1925,2024-01-01 00:09:00,WhatsApp,Premium,Reclamação,36,14.974913666627819,5.0
1926,2024-01-12 13:24:00,App iOS,Free,Suporte Técnico,144,223.7151606958943,3.0
1927,2024-01-16 13:42:00,WhatsApp,Standard,Dúvida Produto,228,30.712074504406147,5.0
1928,2024-01-07 20:25:00,App Android,Free,Reclamação,133,97.9293529148565,4.0
1929,2024-01-02 12:59:00,App iOS,Premium,Dúvida Produto,109,12.243092636835666,5.0
1930,2024-01-28 15:29:00,App Android,Standard,Reclamação,90,33.88399611308087,4.0
1931,2024-01-04 16:07:00,WhatsApp,Standard,Elogio,162,20.2326843662687,5.0
1932,2024-01-24 21:07:00,App Android,Premium,Suporte Técnico,129,27.48182503119989,5.0
1933,2024-01-06 21:52:00,App Android,Premium,Financeiro,75,21.40687830351969,5.0
1934,2024-01-01 22:22:00,Web,Standard,Reclamação,90,26.939275563126742,5.0
1935,2024-01-14 08:16:00,App iOS,Standard,Reclamação,129,34.37711610591721,5.0
1936,2024-01-20 02:54:00,App iOS,Standard,Dúvida Produto,46,40.18974235456174,5.0
1937,2024-01-10 21:11:00,WhatsApp,Free,Elogio,60,48.33979058198743,5.0
1938,2024-01-23 10:13:00,Web,Free,Dúvida Produto,215,110.27243124280278,5.0
1939,2024-01-19 11:34:00,WhatsApp,Premium,Dúvida Produto,72,16.946830818777812,5.0
1940,2024-01-26 04:18:00,WhatsApp,Standard,Elogio,39,39.842383685598236,5.0
1941,2024-01-20 14:53:00,WhatsApp,Free,Financeiro,133,68.73258309003671,5.0
1942,2024-01-30 05:18:00,WhatsApp,Free,Dúvida Produto,213,116.12258382518303,3.0
1943,2024-01-29 07:12:00,WhatsApp,Free,Dúvida Produto,35,76.69054023115157,4.0
1944,2024-01-13 11:48:00,WhatsApp,Standard,Reclamação,179,36.32866688565994,5.0
1945,2024-01-22 13:17:00,App Android,Free,Elogio,228,89.35162135642008,5.0
1946,2024-01-09 11:39:00,Web,Free,Suporte Técnico,173,259.68459628958124,3.0
1947,2024-01-01 03:55:00,App Android,Free,Financeiro,86,90.87964529949275,5.0
1948,2024-01-30 19:29:00,Web,Free,Financeiro,185,56.890771484638876,5.0
1949,2024-01-02 07:48:00,WhatsApp,Premium,Elogio,197,5.6383679311686095,5.0
1950,2024-01-06 22:47:00,Web,Premium,Reclamação,40,15.629746601950472,5.0
1951,2024-01-26 04:58:00,Web,Free,Reclamação,155,85.25276932263574,5.0
1952,2024-01-04 15:36:00,WhatsApp,Free,Elogio,101,97.16797712556529,4.0
1953,2024-01-14 04:59:00,App iOS,Premium,Reclamação,99,14.243539602469276,5.0
1954,2024-01-06 16:02:00,WhatsApp,Standard,Financeiro,24,42.10846429630692,5.0
1955,2024-01-04 18:15:00,App iOS,Premium,Financeiro,20,15.691611383484913,5.0
1956,2024-01-26 02:39:00,App iOS,Standard,Suporte Técnico,102,68.29578408626001,4.0
1957,2024-01-05 03:11:00,WhatsApp,Free,Elogio,1290,96.07253519424359,4.0
1958,2024-01-16 04:12:00,WhatsApp,Free,Dúvida Produto,85,82.2838536561365,4.0
1959,2024-01-06 13:27:00,App iOS,Standard,Dúvida Produto,1170,30.557581404683923,4.0
1960,2024-01-30 01:12:00,Web,Standard,Suporte Técnico,45,56.737797191462484,4.0
1961,2024-01-22 04:43:00,WhatsApp,Premium,Suporte Técnico,163,37.43561098605296,5.0
1962,2024-01-17 04:45:00,App Android,Standard,Reclamação,226,27.13288562378895,5.0
1963,2024-01-15 17:24:00,WhatsApp,Free,Suporte Técnico,31,174.47685185840942,4.0
1964,2024-01-11 18:44:00,App iOS,Free,Suporte Técnico,147,313.9081140632689,3.0
1965,2024-01-14 09:22:00,App Android,Free,Dúvida Produto,36,70.49276334107701,4.0
1966,2024-01-17 14:50:00,WhatsApp,Premium,Reclamação,78,15.020892670325813,5.0
1967,2024-01-01 01:17:00,WhatsApp,Free,Suporte Técnico,124,188.87363842730593,2.0
1968,2024-01-29 00:25:00,WhatsApp,Free,Suporte Técnico,56,238.3667761895944,3.0
1969,2024-01-15 07:31:00,WhatsApp,Free,Reclamação,49,67.06106757955948,5.0
1970,2024-01-12 19:04:00,WhatsApp,Standard,Elogio,93,35.042140943613305,5.0
1971,2024-01-10 18:20:00,App iOS,Standard,Reclamação,161,42.21693711815305,5.0
1972,2024-01-13 02:49:00,WhatsApp,Standard,Dúvida Produto,64,24.96276457739598,4.0
1973,2024-01-13 20:40:00,Web,Premium,Elogio,49,18.650906588043963,4.0
1974,2024-01-07 14:30:00,App Android,Standard,Financeiro,67,27.708723933625862,5.0
1975,2024-01-21 08:07:00,App Android,Standard,Reclamação,193,39.03474672645652,5.0
1976,2024-01-20 13:33:00,App iOS,Standard,Dúvida Produto,95,43.130993916575946,4.0
1977,2024-01-28 13:51:00,WhatsApp,Free,Elogio,100,85.79330978924774,4.0
1978,2024-01-09 07:14:00,App iOS,Standard,Reclamação,73,20.87840351463209,5.0
1979,2024-01-06 10:04:00,Web,Premium,Suporte Técnico,82,44.61063290577067,4.0
1980,2024-01-05 13:25:00,Web,Free,Reclamação,149,94.03950974299408,5.0
1981,2024-01-05 03:44:00,WhatsApp,Free,Financeiro,102,99.03224101999754,3.0
1982,2024-01-15 22:46:00,App Android,Free,Reclamação,268,83.88278924680142,5.0
1983,2024-01-26 23:58:00,Web,Free,Elogio,66,74.07912926410742,4.0
1984,2024-01-13 21:34:00,WhatsApp,Free,Elogio,216,110.88626725740554,4.0
1985,2024-01-07 09:04:00,WhatsApp,Free,Reclamação,32,95.7562199020086,5.0
1986,2024-01-14 06:16:00,Web,Premium,Elogio,102,10.669328897448825,5.0
1987,2024-01-02 12:32:00,App Android,Standard,Suporte Técnico,93,85.3031283480434,4.0
1988,2024-01-24 14:56:00,App iOS,Standard,Reclamação,217,32.917011587799,5.0
1989,2024-01-08 19:26:00,App iOS,Premium,Suporte Técnico,74,35.06025806757327,4.0
1990,2024-01-13 18:21:00,WhatsApp,Premium,Suporte Técnico,262,49.64859925681741,5.0
1991,2024-01-26 07:35:00,Web,Free,Dúvida Produto,29,78.87288307774924,4.0
1992,2024-01-19 13:27:00,Web,Free,Reclamação,54,86.95824303321285,5.0
1993,2024-01-03 18:58:00,WhatsApp,Free,Elogio,57,103.83566558342757,5.0
1994,2024-01-08 20:22:00,WhatsApp,Premium,Suporte Técnico,35,38.07572212748041,5.0
1995,2024-01-02 08:50:00,App iOS,Free,Dúvida Produto,94,65.08038322154815,5.0
1996,2024-01-29 13:57:00,WhatsApp,Free,Reclamação,77,93.30838871388174,5.0
1997,2024-01-19 21:22:00,Web,Standard,Reclamação,179,27.513661248208603,5.0
1998,2024-01-22 14:30:00,WhatsApp,Free,Financeiro,38,105.42593240849274,4.0
1999,2024-01-13 05:06:00,WhatsApp,Standard,Financeiro,343,30.90731006397084,5.0
